year,week,homeTeam,awayTeam,lines
2025,1,Air Force,Bucknell,"[{'provider': 'ESPN Bet', 'spread': -30.5, 'formattedSpread': 'Air Force -30.5', 'spreadOpen': -31, 'overUnder': 54.5, 'overUnderOpen': 56.5, 'homeMoneyline': -10000, 'awayMoneyline': 2500}]"
2025,1,Akron,Wyoming,"[{'provider': 'DraftKings', 'spread': 8.5, 'formattedSpread': 'Wyoming -8.5', 'spreadOpen': 8.5, 'overUnder': 49.5, 'overUnderOpen': 49.5, 'homeMoneyline': 260, 'awayMoneyline': -325}, {'provider': 'ESPN Bet', 'spread': 4.5, 'formattedSpread': 'Wyoming -4.5', 'spreadOpen': 7.5, 'overUnder': 47.5, 'overUnderOpen': 49.5, 'homeMoneyline': 170, 'awayMoneyline': -200}, {'provider': 'Bovada', 'spread': 5, 'formattedSpread': 'Wyoming -5.0', 'spreadOpen': 9.5, 'overUnder': 48, 'overUnderOpen': 49.5, 'homeMoneyline': 250, 'awayMoneyline': -300}]"
2025,1,Arizona,Hawai'i,"[{'provider': 'DraftKings', 'spread': -13.5, 'formattedSpread': 'Arizona -13.5', 'spreadOpen': -13.5, 'overUnder': 55.5, 'overUnderOpen': 55.5, 'homeMoneyline': -550, 'awayMoneyline': 410}, {'provider': 'ESPN Bet', 'spread': -17.5, 'formattedSpread': 'Arizona -17.5', 'spreadOpen': -13.5, 'overUnder': 53.5, 'overUnderOpen': 56.5, 'homeMoneyline': -900, 'awayMoneyline': 550}, {'provider': 'Bovada', 'spread': -18, 'formattedSpread': 'Arizona -18.0', 'spreadOpen': -10.5, 'overUnder': 53.5, 'overUnderOpen': 53.5, 'homeMoneyline': -575, 'awayMoneyline': 400}]"
2025,1,Arizona State,Northern Arizona,"[{'provider': 'ESPN Bet', 'spread': -28.5, 'formattedSpread': 'Arizona State -28.5', 'spreadOpen': -28.5, 'overUnder': 52.5, 'overUnderOpen': 52.5, 'homeMoneyline': None, 'awayMoneyline': None}]"
2025,1,Arkansas,Alabama A&M,[]
2025,1,Arkansas State,Southeast Missouri State,"[{'provider': 'ESPN Bet', 'spread': -10.5, 'formattedSpread': 'Arkansas State -10.5', 'spreadOpen': -10.5, 'overUnder': 59.5, 'overUnderOpen': 59.5, 'homeMoneyline': -400, 'awayMoneyline': 300}]"
2025,1,Army,Tarleton State,"[{'provider': 'ESPN Bet', 'spread': -14.5, 'formattedSpread': 'Army -14.5', 'spreadOpen': -13.5, 'overUnder': 47.5, 'overUnderOpen': 48.5, 'homeMoneyline': -700, 'awayMoneyline': 450}, {'provider': 'Bovada', 'spread': -13.5, 'formattedSpread': 'Army -13.5', 'spreadOpen': -16.5, 'overUnder': 47.5, 'overUnderOpen': 51.5, 'homeMoneyline': -750, 'awayMoneyline': 500}]"
2025,1,BYU,Portland State,"[{'provider': 'ESPN Bet', 'spread': -43.5, 'formattedSpread': 'BYU -43.5', 'spreadOpen': -34.5, 'overUnder': 62.5, 'overUnderOpen': 56.5, 'homeMoneyline': -50000, 'awayMoneyline': 3500}]"
2025,1,Baylor,Auburn,"[{'provider': 'DraftKings', 'spread': 1.5, 'formattedSpread': 'Auburn -1.5', 'spreadOpen': 1.5, 'overUnder': 57.5, 'overUnderOpen': 57.5, 'homeMoneyline': -105, 'awayMoneyline': -115}, {'provider': 'ESPN Bet', 'spread': 1.5, 'formattedSpread': 'Auburn -1.5', 'spreadOpen': 1, 'overUnder': 57.5, 'overUnderOpen': 57.5, 'homeMoneyline': -105, 'awayMoneyline': -115}, {'provider': 'Bovada', 'spread': 1, 'formattedSpread': 'Auburn -1.0', 'spreadOpen': 1.5, 'overUnder': 57, 'overUnderOpen': 56.5, 'homeMoneyline': -110, 'awayMoneyline': -110}]"
2025,1,Boston College,Fordham,"[{'provider': 'ESPN Bet', 'spread': -36.5, 'formattedSpread': 'Boston College -36.5', 'spreadOpen': -36.5, 'overUnder': 53.5, 'overUnderOpen': 53.5, 'homeMoneyline': None, 'awayMoneyline': None}]"
2025,1,Bowling Green,Lafayette,"[{'provider': 'Bovada', 'spread': -21, 'formattedSpread': 'Bowling Green -21.0', 'spreadOpen': -14.5, 'overUnder': 53, 'overUnderOpen': 52.5, 'homeMoneyline': -1300, 'awayMoneyline': 725}, {'provider': 'ESPN Bet', 'spread': -21.5, 'formattedSpread': 'Bowling Green -21.5', 'spreadOpen': -21.5, 'overUnder': 53.5, 'overUnderOpen': 52.5, 'homeMoneyline': -1600, 'awayMoneyline': 800}]"
2025,1,Charlotte,App State,"[{'provider': 'DraftKings', 'spread': 8.5, 'formattedSpread': 'App State -8.5', 'spreadOpen': 8.5, 'overUnder': 53.5, 'overUnderOpen': 53.5, 'homeMoneyline': 260, 'awayMoneyline': -325}, {'provider': 'ESPN Bet', 'spread': 2.5, 'formattedSpread': 'App State -2.5', 'spreadOpen': 8, 'overUnder': 48.5, 'overUnderOpen': 53.5, 'homeMoneyline': 135, 'awayMoneyline': -155}, {'provider': 'Bovada', 'spread': 3, 'formattedSpread': 'App State -3.0', 'spreadOpen': 8.5, 'overUnder': 49, 'overUnderOpen': 53.5, 'homeMoneyline': 250, 'awayMoneyline': -300}]"
2025,1,Cincinnati,Nebraska,"[{'provider': 'DraftKings', 'spread': 6.5, 'formattedSpread': 'Nebraska -6.5', 'spreadOpen': 6.5, 'overUnder': 52.5, 'overUnderOpen': 52.5, 'homeMoneyline': 220, 'awayMoneyline': -270}, {'provider': 'ESPN Bet', 'spread': 5.5, 'formattedSpread': 'Nebraska -5.5', 'spreadOpen': 7, 'overUnder': 50.5, 'overUnderOpen': 52.5, 'homeMoneyline': 195, 'awayMoneyline': -230}, {'provider': 'Bovada', 'spread': 6, 'formattedSpread': 'Nebraska -6.0', 'spreadOpen': 6.5, 'overUnder': 50.5, 'overUnderOpen': 50.5, 'homeMoneyline': 210, 'awayMoneyline': -250}]"
2025,1,Clemson,LSU,"[{'provider': 'DraftKings', 'spread': -3.5, 'formattedSpread': 'Clemson -3.5', 'spreadOpen': -3.5, 'overUnder': 57.5, 'overUnderOpen': 57.5, 'homeMoneyline': -170, 'awayMoneyline': 142}, {'provider': 'ESPN Bet', 'spread': -4.5, 'formattedSpread': 'Clemson -4.5', 'spreadOpen': -3.5, 'overUnder': 57.5, 'overUnderOpen': 57.5, 'homeMoneyline': -200, 'awayMoneyline': 170}, {'provider': 'Bovada', 'spread': -4, 'formattedSpread': 'Clemson -4.0', 'spreadOpen': -2.5, 'overUnder': 57.5, 'overUnderOpen': 56.5, 'homeMoneyline': -150, 'awayMoneyline': 130}]"
2025,1,Colorado,Georgia Tech,"[{'provider': 'DraftKings', 'spread': 4, 'formattedSpread': 'Georgia Tech -4', 'spreadOpen': 4, 'overUnder': 55.5, 'overUnderOpen': 55.5, 'homeMoneyline': 160, 'awayMoneyline': -192}, {'provider': 'ESPN Bet', 'spread': 3.5, 'formattedSpread': 'Georgia Tech -3.5', 'spreadOpen': 4, 'overUnder': 51.5, 'overUnderOpen': 55.5, 'homeMoneyline': 155, 'awayMoneyline': -185}, {'provider': 'Bovada', 'spread': 3.5, 'formattedSpread': 'Georgia Tech -3.5', 'spreadOpen': 3.5, 'overUnder': 51.5, 'overUnderOpen': 57.5, 'homeMoneyline': 150, 'awayMoneyline': -175}]"
2025,1,Delaware,Delaware State,"[{'provider': 'Bovada', 'spread': -30.5, 'formattedSpread': 'Delaware -30.5', 'spreadOpen': -29.5, 'overUnder': 55.5, 'overUnderOpen': 54.5, 'homeMoneyline': None, 'awayMoneyline': None}, {'provider': 'ESPN Bet', 'spread': -30.5, 'formattedSpread': 'Delaware -30.5', 'spreadOpen': -30, 'overUnder': 55.5, 'overUnderOpen': 55.5, 'homeMoneyline': -10000, 'awayMoneyline': 2500}]"
2025,1,Duke,Elon,"[{'provider': 'Bovada', 'spread': -36.5, 'formattedSpread': 'Duke -36.5', 'spreadOpen': -33.5, 'overUnder': 51.5, 'overUnderOpen': 47.5, 'homeMoneyline': None, 'awayMoneyline': None}, {'provider': 'ESPN Bet', 'spread': None, 'formattedSpread': '', 'spreadOpen': -33.5, 'overUnder': 50.5, 'overUnderOpen': 47.5, 'homeMoneyline': None, 'awayMoneyline': None}]"
2025,1,Eastern Illinois,Dayton,"[{'provider': 'ESPN Bet', 'spread': -9.5, 'formattedSpread': 'Eastern Illinois -9.5', 'spreadOpen': None, 'overUnder': 47.5, 'overUnderOpen': None, 'homeMoneyline': None, 'awayMoneyline': None}]"
2025,1,Florida,Long Island University,[]
2025,1,Florida International,Bethune-Cookman,"[{'provider': 'ESPN Bet', 'spread': -26.5, 'formattedSpread': 'Florida International -26.5', 'spreadOpen': -31, 'overUnder': 55.5, 'overUnderOpen': 54.5, 'homeMoneyline': -5000, 'awayMoneyline': 1500}]"
2025,1,Florida State,Alabama,"[{'provider': 'DraftKings', 'spread': 13.5, 'formattedSpread': 'Alabama -13.5', 'spreadOpen': 13.5, 'overUnder': 50.5, 'overUnderOpen': 50.5, 'homeMoneyline': 380, 'awayMoneyline': -500}, {'provider': 'ESPN Bet', 'spread': 14.5, 'formattedSpread': 'Alabama -14.5', 'spreadOpen': 13.5, 'overUnder': 48.5, 'overUnderOpen': 50.5, 'homeMoneyline': 450, 'awayMoneyline': -700}, {'provider': 'Bovada', 'spread': 14, 'formattedSpread': 'Alabama -14.0', 'spreadOpen': 9.5, 'overUnder': 48.5, 'overUnderOpen': 50.5, 'homeMoneyline': 400, 'awayMoneyline': -575}]"
2025,1,Fresno State,Georgia Southern,"[{'provider': 'DraftKings', 'spread': -2.5, 'formattedSpread': 'Fresno State -2.5', 'spreadOpen': -2.5, 'overUnder': 54.5, 'overUnderOpen': 54.5, 'homeMoneyline': -135, 'awayMoneyline': 114}, {'provider': 'ESPN Bet', 'spread': 1.5, 'formattedSpread': 'Georgia Southern -1.5', 'spreadOpen': -2, 'overUnder': 51.5, 'overUnderOpen': 53.5, 'homeMoneyline': 105, 'awayMoneyline': -125}, {'provider': 'Bovada', 'spread': 2, 'formattedSpread': 'Georgia Southern -2.0', 'spreadOpen': -1.5, 'overUnder': 50, 'overUnderOpen': 55.5, 'homeMoneyline': -130, 'awayMoneyline': 110}]"
2025,1,Georgia,Marshall,"[{'provider': 'DraftKings', 'spread': -39.5, 'formattedSpread': 'Georgia -39.5', 'spreadOpen': -39.5, 'overUnder': 55.5, 'overUnderOpen': 55.5, 'homeMoneyline': None, 'awayMoneyline': None}, {'provider': 'ESPN Bet', 'spread': -39.5, 'formattedSpread': 'Georgia -39.5', 'spreadOpen': -39.5, 'overUnder': 52.5, 'overUnderOpen': 55.5, 'homeMoneyline': None, 'awayMoneyline': None}, {'provider': 'Bovada', 'spread': -38.5, 'formattedSpread': 'Georgia -38.5', 'spreadOpen': -38.5, 'overUnder': 52.5, 'overUnderOpen': 55.5, 'homeMoneyline': None, 'awayMoneyline': None}]"
2025,1,Hawai'i,Stanford,"[{'provider': 'DraftKings', 'spread': -1.5, 'formattedSpread': ""Hawai'i -1.5"", 'spreadOpen': -1.5, 'overUnder': 53.5, 'overUnderOpen': 53.5, 'homeMoneyline': -118, 'awayMoneyline': -102}, {'provider': 'ESPN Bet', 'spread': -1.5, 'formattedSpread': ""Hawai'i -1.5"", 'spreadOpen': -1.5, 'overUnder': 50.5, 'overUnderOpen': 53.5, 'homeMoneyline': -120, 'awayMoneyline': 110}, {'provider': 'Bovada', 'spread': -2, 'formattedSpread': ""Hawai'i -2.0"", 'spreadOpen': 2.5, 'overUnder': 50, 'overUnderOpen': 55.5, 'homeMoneyline': 115, 'awayMoneyline': -135}]"
2025,1,Houston,Stephen F. Austin,"[{'provider': 'Bovada', 'spread': -24.5, 'formattedSpread': 'Houston -24.5', 'spreadOpen': -22.5, 'overUnder': 54.5, 'overUnderOpen': 55.5, 'homeMoneyline': -2200, 'awayMoneyline': 1000}, {'provider': 'ESPN Bet', 'spread': -23.5, 'formattedSpread': 'Houston -23.5', 'spreadOpen': -22.5, 'overUnder': 54.5, 'overUnderOpen': 55.5, 'homeMoneyline': -3000, 'awayMoneyline': 1200}]"
2025,1,Illinois,Western Illinois,"[{'provider': 'Bovada', 'spread': -48, 'formattedSpread': 'Illinois -48.0', 'spreadOpen': -45.5, 'overUnder': 63.5, 'overUnderOpen': 63.5, 'homeMoneyline': None, 'awayMoneyline': None}, {'provider': 'ESPN Bet', 'spread': -48.5, 'formattedSpread': 'Illinois -48.5', 'spreadOpen': -45.5, 'overUnder': 63.5, 'overUnderOpen': 61.5, 'homeMoneyline': None, 'awayMoneyline': None}]"
2025,1,Indiana,Old Dominion,"[{'provider': 'DraftKings', 'spread': -23.5, 'formattedSpread': 'Indiana -23.5', 'spreadOpen': -23.5, 'overUnder': 54.5, 'overUnderOpen': 54.5, 'homeMoneyline': -2400, 'awayMoneyline': 1200}, {'provider': 'ESPN Bet', 'spread': -24.5, 'formattedSpread': 'Indiana -24.5', 'spreadOpen': -23.5, 'overUnder': 53.5, 'overUnderOpen': 54.5, 'homeMoneyline': -4000, 'awayMoneyline': 1300}, {'provider': 'Bovada', 'spread': -24, 'formattedSpread': 'Indiana -24.0', 'spreadOpen': -23.5, 'overUnder': 53.5, 'overUnderOpen': 54.5, 'homeMoneyline': -3300, 'awayMoneyline': 1100}]"
2025,1,Iowa,UAlbany,"[{'provider': 'ESPN Bet', 'spread': -38.5, 'formattedSpread': 'Iowa -38.5', 'spreadOpen': -37.5, 'overUnder': 50.5, 'overUnderOpen': 48.5, 'homeMoneyline': None, 'awayMoneyline': None}]"
2025,1,Iowa State,South Dakota,"[{'provider': 'ESPN Bet', 'spread': -16.5, 'formattedSpread': 'Iowa State -16.5', 'spreadOpen': -15.5, 'overUnder': 46.5, 'overUnderOpen': 46.5, 'homeMoneyline': -1000, 'awayMoneyline': 600}]"
2025,1,James Madison,Weber State,"[{'provider': 'ESPN Bet', 'spread': -25.5, 'formattedSpread': 'James Madison -25.5', 'spreadOpen': -25.5, 'overUnder': 54.5, 'overUnderOpen': 54.5, 'homeMoneyline': -6000, 'awayMoneyline': 1800}]"
2025,1,Kansas,Fresno State,"[{ 'provider': 'BookC', 'spread': -3.0, 'formattedSpread': '-3.0', 'overUnder': 51.0, 'homeMoneyline': -150, 'awayMoneyline': 130 }]"
2025,1,Kansas,Wagner,"[{'provider': 'ESPN Bet', 'spread': -45.5, 'formattedSpread': 'Kansas -45.5', 'spreadOpen': -45.5, 'overUnder': 57.5, 'overUnderOpen': 56.5, 'homeMoneyline': None, 'awayMoneyline': None}, {'provider': 'Bovada', 'spread': -45.5, 'formattedSpread': 'Kansas -45.5', 'spreadOpen': -46.5, 'overUnder': 57.5, 'overUnderOpen': 56.5, 'homeMoneyline': None, 'awayMoneyline': None}]"
2025,1,Kansas State,Iowa State,"[{ 'provider': 'BookA', 'spread': -1.5, 'formattedSpread': '-1.5', 'overUnder': 49.5, 'homeMoneyline': -120, 'awayMoneyline': 100 }]"
2025,1,Kansas State,North Dakota,"[{'provider': 'ESPN Bet', 'spread': -25.5, 'formattedSpread': 'Kansas State -25.5', 'spreadOpen': -28.5, 'overUnder': 55.5, 'overUnderOpen': 57.5, 'homeMoneyline': -3000, 'awayMoneyline': 1200}]"
2025,1,Kent State,Merrimack,[]
2025,1,Kentucky,Toledo,"[{'provider': 'DraftKings', 'spread': -10, 'formattedSpread': 'Kentucky -10', 'spreadOpen': -10, 'overUnder': 48.5, 'overUnderOpen': 48.5, 'homeMoneyline': -345, 'awayMoneyline': 275}, {'provider': 'ESPN Bet', 'spread': -10.5, 'formattedSpread': 'Kentucky -10.5', 'spreadOpen': -9.5, 'overUnder': 48.5, 'overUnderOpen': 48.5, 'homeMoneyline': -360, 'awayMoneyline': 280}, {'provider': 'Bovada', 'spread': -10, 'formattedSpread': 'Kentucky -10.0', 'spreadOpen': -12.5, 'overUnder': 48.5, 'overUnderOpen': 48.5, 'homeMoneyline': -350, 'awayMoneyline': 275}]"
2025,1,Liberty,Maine,"[{'provider': 'ESPN Bet', 'spread': -25.5, 'formattedSpread': 'Liberty -25.5', 'spreadOpen': -25.5, 'overUnder': 52.5, 'overUnderOpen': 52.5, 'homeMoneyline': -5000, 'awayMoneyline': 1500}]"
2025,1,Louisiana,Rice,"[{'provider': 'DraftKings', 'spread': -14.5, 'formattedSpread': 'Louisiana -14.5', 'spreadOpen': -14.5, 'overUnder': 49.5, 'overUnderOpen': 49.5, 'homeMoneyline': -625, 'awayMoneyline': 455}, {'provider': 'ESPN Bet', 'spread': -10.5, 'formattedSpread': 'Louisiana -10.5', 'spreadOpen': -14, 'overUnder': 48.5, 'overUnderOpen': 49.5, 'homeMoneyline': -425, 'awayMoneyline': 320}, {'provider': 'Bovada', 'spread': -10.5, 'formattedSpread': 'Louisiana -10.5', 'spreadOpen': -14.5, 'overUnder': 47.5, 'overUnderOpen': 51.5, 'homeMoneyline': -600, 'awayMoneyline': 425}]"
2025,1,Louisiana Tech,SE Louisiana,"[{'provider': 'ESPN Bet', 'spread': -12, 'formattedSpread': 'Louisiana Tech -12', 'spreadOpen': -13.5, 'overUnder': 49.5, 'overUnderOpen': 48.5, 'homeMoneyline': -500, 'awayMoneyline': 360}]"
2025,1,Louisville,Eastern Kentucky,[]
2025,1,Maryland,Florida Atlantic,"[{'provider': 'DraftKings', 'spread': -16.5, 'formattedSpread': 'Maryland -16.5', 'spreadOpen': -16.5, 'overUnder': 57.5, 'overUnderOpen': 57.5, 'homeMoneyline': -700, 'awayMoneyline': 500}, {'provider': 'ESPN Bet', 'spread': -14.5, 'formattedSpread': 'Maryland -14.5', 'spreadOpen': -16.5, 'overUnder': 61.5, 'overUnderOpen': 57.5, 'homeMoneyline': -700, 'awayMoneyline': 450}, {'provider': 'Bovada', 'spread': -14, 'formattedSpread': 'Maryland -14.0', 'spreadOpen': -17.5, 'overUnder': 61, 'overUnderOpen': 57.5, 'homeMoneyline': -850, 'awayMoneyline': 550}]"
2025,1,Massachusetts,Temple,"[{'provider': 'DraftKings', 'spread': 3, 'formattedSpread': 'Temple -3', 'spreadOpen': 3, 'overUnder': 51.5, 'overUnderOpen': 51.5, 'homeMoneyline': 124, 'awayMoneyline': -148}, {'provider': 'ESPN Bet', 'spread': 2.5, 'formattedSpread': 'Temple -2.5', 'spreadOpen': 3, 'overUnder': 48.5, 'overUnderOpen': 51.5, 'homeMoneyline': 110, 'awayMoneyline': -130}, {'provider': 'Bovada', 'spread': 2, 'formattedSpread': 'Temple -2.0', 'spreadOpen': -1.5, 'overUnder': 48.5, 'overUnderOpen': 52.5, 'homeMoneyline': 140, 'awayMoneyline': -165}]"
2025,1,Memphis,Chattanooga,"[{'provider': 'ESPN Bet', 'spread': -27.5, 'formattedSpread': 'Memphis -27.5', 'spreadOpen': -27.5, 'overUnder': 55.5, 'overUnderOpen': 55.5, 'homeMoneyline': None, 'awayMoneyline': None}]"
2025,1,Miami,Notre Dame,"[{'provider': 'DraftKings', 'spread': 2.5, 'formattedSpread': 'Notre Dame -2.5', 'spreadOpen': 2.5, 'overUnder': 53.5, 'overUnderOpen': 53.5, 'homeMoneyline': 114, 'awayMoneyline': -135}, {'provider': 'ESPN Bet', 'spread': 2.5, 'formattedSpread': 'Notre Dame -2.5', 'spreadOpen': 2.5, 'overUnder': 49.5, 'overUnderOpen': 52.5, 'homeMoneyline': 110, 'awayMoneyline': -130}, {'provider': 'Bovada', 'spread': 2.5, 'formattedSpread': 'Notre Dame -2.5', 'spreadOpen': 2.5, 'overUnder': 51, 'overUnderOpen': 54.5, 'homeMoneyline': 115, 'awayMoneyline': -135}]"
2025,1,Michigan,New Mexico,"[{'provider': 'DraftKings', 'spread': -36.5, 'formattedSpread': 'Michigan -36.5', 'spreadOpen': -36.5, 'overUnder': 52.5, 'overUnderOpen': 52.5, 'homeMoneyline': None, 'awayMoneyline': None}, {'provider': 'ESPN Bet', 'spread': -34.5, 'formattedSpread': 'Michigan -34.5', 'spreadOpen': -36, 'overUnder': 49.5, 'overUnderOpen': 52.5, 'homeMoneyline': -50000, 'awayMoneyline': 3500}, {'provider': 'Bovada', 'spread': -34.5, 'formattedSpread': 'Michigan -34.5', 'spreadOpen': -34.5, 'overUnder': 49, 'overUnderOpen': 52.5, 'homeMoneyline': None, 'awayMoneyline': None}]"
2025,1,Michigan State,Western Michigan,"[{'provider': 'DraftKings', 'spread': -18.5, 'formattedSpread': 'Michigan State -18.5', 'spreadOpen': -18.5, 'overUnder': 49.5, 'overUnderOpen': 49.5, 'homeMoneyline': -950, 'awayMoneyline': 625}, {'provider': 'ESPN Bet', 'spread': -22.5, 'formattedSpread': 'Michigan State -22.5', 'spreadOpen': -18.5, 'overUnder': 50.5, 'overUnderOpen': 49.5, 'homeMoneyline': -2000, 'awayMoneyline': 1000}, {'provider': 'Bovada', 'spread': -21.5, 'formattedSpread': 'Michigan State -21.5', 'spreadOpen': -17.5, 'overUnder': 50, 'overUnderOpen': 49.5, 'homeMoneyline': -1600, 'awayMoneyline': 800}]"
2025,1,Middle Tennessee,Austin Peay,"[{'provider': 'ESPN Bet', 'spread': -9.5, 'formattedSpread': 'Middle Tennessee -9.5', 'spreadOpen': -9.5, 'overUnder': 53.5, 'overUnderOpen': 53.5, 'homeMoneyline': -380, 'awayMoneyline': 290}]"
2025,1,Minnesota,Buffalo,"[{'provider': 'DraftKings', 'spread': -16.5, 'formattedSpread': 'Minnesota -16.5', 'spreadOpen': -16.5, 'overUnder': 45.5, 'overUnderOpen': 45.5, 'homeMoneyline': -900, 'awayMoneyline': 600}, {'provider': 'ESPN Bet', 'spread': -16.5, 'formattedSpread': 'Minnesota -16.5', 'spreadOpen': -17, 'overUnder': 41.5, 'overUnderOpen': 45.5, 'homeMoneyline': -900, 'awayMoneyline': 550}, {'provider': 'Bovada', 'spread': -18.5, 'formattedSpread': 'Minnesota -18.5', 'spreadOpen': -18.5, 'overUnder': 43, 'overUnderOpen': 45.5, 'homeMoneyline': -900, 'awayMoneyline': 575}]"
2025,1,Missouri,Central Arkansas,"[{'provider': 'Bovada', 'spread': -38.5, 'formattedSpread': 'Missouri -38.5', 'spreadOpen': -36.5, 'overUnder': 52.5, 'overUnderOpen': 51.5, 'homeMoneyline': None, 'awayMoneyline': None}, {'provider': 'ESPN Bet', 'spread': -39.5, 'formattedSpread': 'Missouri -39.5', 'spreadOpen': -40.5, 'overUnder': 53.5, 'overUnderOpen': 52.5, 'homeMoneyline': None, 'awayMoneyline': None}]"
2025,1,NC State,East Carolina,"[{'provider': 'DraftKings', 'spread': -12.5, 'formattedSpread': 'NC State -12.5', 'spreadOpen': -12.5, 'overUnder': 58.5, 'overUnderOpen': 58.5, 'homeMoneyline': -440, 'awayMoneyline': 340}, {'provider': 'ESPN Bet', 'spread': -13.5, 'formattedSpread': 'NC State -13.5', 'spreadOpen': -12.5, 'overUnder': 61.5, 'overUnderOpen': 58.5, 'homeMoneyline': -650, 'awayMoneyline': 425}, {'provider': 'Bovada', 'spread': -14, 'formattedSpread': 'NC State -14.0', 'spreadOpen': -14, 'overUnder': 61, 'overUnderOpen': 56.5, 'homeMoneyline': -435, 'awayMoneyline': 325}]"
2025,1,Navy,VMI,[]
2025,1,New Mexico State,Bryant,"[{'provider': 'ESPN Bet', 'spread': -20, 'formattedSpread': 'New Mexico State -20', 'spreadOpen': -19.5, 'overUnder': 53.5, 'overUnderOpen': 53.5, 'homeMoneyline': -1200, 'awayMoneyline': 700}]"
2025,1,Nicholls,Incarnate Word,"[{'provider': 'Bovada', 'spread': 13.5, 'formattedSpread': 'Incarnate Word -13.5', 'spreadOpen': 13.5, 'overUnder': 51.5, 'overUnderOpen': 51.5, 'homeMoneyline': -480, 'awayMoneyline': 350}, {'provider': 'ESPN Bet', 'spread': 13.5, 'formattedSpread': 'Incarnate Word -13.5', 'spreadOpen': None, 'overUnder': 50.5, 'overUnderOpen': None, 'homeMoneyline': None, 'awayMoneyline': None}]"
2025,1,Norfolk State,Towson,"[{'provider': 'ESPN Bet', 'spread': 8.5, 'formattedSpread': 'Towson -8.5', 'spreadOpen': None, 'overUnder': 49.5, 'overUnderOpen': None, 'homeMoneyline': None, 'awayMoneyline': None}]"
2025,1,North Carolina,TCU,"[{'provider': 'DraftKings', 'spread': 3, 'formattedSpread': 'TCU -3', 'spreadOpen': 3, 'overUnder': 59.5, 'overUnderOpen': 59.5, 'homeMoneyline': 130, 'awayMoneyline': -155}, {'provider': 'ESPN Bet', 'spread': 3.5, 'formattedSpread': 'TCU -3.5', 'spreadOpen': 3, 'overUnder': 55.5, 'overUnderOpen': 59.5, 'homeMoneyline': 150, 'awayMoneyline': -175}, {'provider': 'Bovada', 'spread': 3.5, 'formattedSpread': 'TCU -3.5', 'spreadOpen': -2.5, 'overUnder': 56, 'overUnderOpen': 58.5, 'homeMoneyline': 140, 'awayMoneyline': -165}]"
2025,1,North Texas,Lamar,[]
2025,1,Northern Illinois,Holy Cross,"[{'provider': 'ESPN Bet', 'spread': -11, 'formattedSpread': 'Northern Illinois -11', 'spreadOpen': -11, 'overUnder': 51.5, 'overUnderOpen': 51.5, 'homeMoneyline': -450, 'awayMoneyline': 340}]"
2025,1,Northwestern State,Alcorn State,"[{'provider': 'ESPN Bet', 'spread': 10.5, 'formattedSpread': 'Alcorn State -10.5', 'spreadOpen': None, 'overUnder': 49.5, 'overUnderOpen': None, 'homeMoneyline': None, 'awayMoneyline': None}]"
2025,1,Ohio State,Texas,"[{'provider': 'ESPN Bet', 'spread': -1.5, 'formattedSpread': 'Ohio State -1.5', 'spreadOpen': -2.5, 'overUnder': 46.5, 'overUnderOpen': 48.5, 'homeMoneyline': -110, 'awayMoneyline': -110}, {'provider': 'DraftKings', 'spread': -3, 'formattedSpread': 'Ohio State -3', 'spreadOpen': -3, 'overUnder': 47.5, 'overUnderOpen': None, 'homeMoneyline': -135, 'awayMoneyline': 114}, {'provider': 'Bovada', 'spread': -1, 'formattedSpread': 'Ohio State -1.0', 'spreadOpen': -3, 'overUnder': 46.5, 'overUnderOpen': 50.5, 'homeMoneyline': -140, 'awayMoneyline': 120}]"
2025,1,Oklahoma,Illinois State,"[{'provider': 'ESPN Bet', 'spread': -35.5, 'formattedSpread': 'Oklahoma -35.5', 'spreadOpen': -35.5, 'overUnder': 60.5, 'overUnderOpen': 60.5, 'homeMoneyline': -20000, 'awayMoneyline': 3000}]"
2025,1,Oklahoma State,UT Martin,"[{'provider': 'Bovada', 'spread': -26, 'formattedSpread': 'Oklahoma State -26.0', 'spreadOpen': -19.5, 'overUnder': 56.5, 'overUnderOpen': 55.5, 'homeMoneyline': -1300, 'awayMoneyline': 725}, {'provider': 'ESPN Bet', 'spread': None, 'formattedSpread': '', 'spreadOpen': -22.5, 'overUnder': 56.5, 'overUnderOpen': 55.5, 'homeMoneyline': -4000, 'awayMoneyline': 1300}]"
2025,1,Ole Miss,Georgia State,"[{'provider': 'DraftKings', 'spread': -38.5, 'formattedSpread': 'Ole Miss -38.5', 'spreadOpen': -38.5, 'overUnder': 62.5, 'overUnderOpen': 62.5, 'homeMoneyline': None, 'awayMoneyline': None}, {'provider': 'ESPN Bet', 'spread': -33.5, 'formattedSpread': 'Ole Miss -33.5', 'spreadOpen': -38.5, 'overUnder': 60.5, 'overUnderOpen': 62.5, 'homeMoneyline': -50000, 'awayMoneyline': 3500}, {'provider': 'Bovada', 'spread': -34.5, 'formattedSpread': 'Ole Miss -34.5', 'spreadOpen': -35.5, 'overUnder': 60.5, 'overUnderOpen': 62.5, 'homeMoneyline': None, 'awayMoneyline': None}]"
2025,1,Oregon,Montana State,"[{'provider': 'ESPN Bet', 'spread': -29.5, 'formattedSpread': 'Oregon -29.5', 'spreadOpen': -27.5, 'overUnder': 56.5, 'overUnderOpen': 56.5, 'homeMoneyline': -6000, 'awayMoneyline': 1800}]"
2025,1,Oregon State,California,"[{'provider': 'DraftKings', 'spread': -3, 'formattedSpread': 'Oregon State -3', 'spreadOpen': -3, 'overUnder': 51.5, 'overUnderOpen': 51.5, 'homeMoneyline': -148, 'awayMoneyline': 124}, {'provider': 'ESPN Bet', 'spread': -1.5, 'formattedSpread': 'Oregon State -1.5', 'spreadOpen': -2.5, 'overUnder': 49.5, 'overUnderOpen': 51.5, 'homeMoneyline': -125, 'awayMoneyline': 105}, {'provider': 'Bovada', 'spread': -2, 'formattedSpread': 'Oregon State -2.0', 'spreadOpen': -1.5, 'overUnder': 50, 'overUnderOpen': 52.5, 'homeMoneyline': -150, 'awayMoneyline': 130}]"
2025,1,Penn State,Nevada,"[{'provider': 'DraftKings', 'spread': -45.5, 'formattedSpread': 'Penn State -45.5', 'spreadOpen': -45.5, 'overUnder': 58.5, 'overUnderOpen': 58.5, 'homeMoneyline': None, 'awayMoneyline': None}, {'provider': 'ESPN Bet', 'spread': -43.5, 'formattedSpread': 'Penn State -43.5', 'spreadOpen': -45.5, 'overUnder': 54.5, 'overUnderOpen': 58.5, 'homeMoneyline': None, 'awayMoneyline': None}, {'provider': 'Bovada', 'spread': -43.5, 'formattedSpread': 'Penn State -43.5', 'spreadOpen': -43.5, 'overUnder': 55, 'overUnderOpen': 60.5, 'homeMoneyline': None, 'awayMoneyline': None}]"
2025,1,Pittsburgh,Duquesne,[]
2025,1,Portland State,Tarleton State,"[{'provider': 'Bovada', 'spread': 17.5, 'formattedSpread': 'Tarleton State -17.5', 'spreadOpen': 17.5, 'overUnder': 60.5, 'overUnderOpen': 60.5, 'homeMoneyline': 550, 'awayMoneyline': -850}, {'provider': 'ESPN Bet', 'spread': 16.5, 'formattedSpread': 'Tarleton State -16.5', 'spreadOpen': None, 'overUnder': 55.5, 'overUnderOpen': None, 'homeMoneyline': None, 'awayMoneyline': None}]"
2025,1,Purdue,Ball State,"[{'provider': 'DraftKings', 'spread': -16.5, 'formattedSpread': 'Purdue -16.5', 'spreadOpen': -16.5, 'overUnder': 50.5, 'overUnderOpen': 50.5, 'homeMoneyline': -850, 'awayMoneyline': 575}, {'provider': 'ESPN Bet', 'spread': -16.5, 'formattedSpread': 'Purdue -16.5', 'spreadOpen': -17, 'overUnder': 49.5, 'overUnderOpen': 50.5, 'homeMoneyline': -900, 'awayMoneyline': 550}, {'provider': 'Bovada', 'spread': -17, 'formattedSpread': 'Purdue -17.0', 'spreadOpen': -16.5, 'overUnder': 49.5, 'overUnderOpen': 50.5, 'homeMoneyline': -900, 'awayMoneyline': 575}]"
2025,1,Rutgers,Ohio,"[{'provider': 'DraftKings', 'spread': -11.5, 'formattedSpread': 'Rutgers -11.5', 'spreadOpen': -11.5, 'overUnder': 46.5, 'overUnderOpen': 46.5, 'homeMoneyline': -455, 'awayMoneyline': 350}, {'provider': 'ESPN Bet', 'spread': -15.5, 'formattedSpread': 'Rutgers -15.5', 'spreadOpen': -11.5, 'overUnder': 53.5, 'overUnderOpen': 46.5, 'homeMoneyline': -750, 'awayMoneyline': 475}, {'provider': 'Bovada', 'spread': -15.5, 'formattedSpread': 'Rutgers -15.5', 'spreadOpen': -10.5, 'overUnder': 52, 'overUnderOpen': 47.5, 'homeMoneyline': -510, 'awayMoneyline': 370}]"
2025,1,SMU,East Texas A&M,"[{'provider': 'ESPN Bet', 'spread': -50.5, 'formattedSpread': 'SMU -50.5', 'spreadOpen': -50.5, 'overUnder': 63.5, 'overUnderOpen': 63.5, 'homeMoneyline': None, 'awayMoneyline': None}]"
2025,1,Sam Houston,UNLV,"[{'provider': 'DraftKings', 'spread': 13.5, 'formattedSpread': 'UNLV -13.5', 'spreadOpen': 13.5, 'overUnder': 58.5, 'overUnderOpen': 58.5, 'homeMoneyline': 380, 'awayMoneyline': -500}, {'provider': 'ESPN Bet', 'spread': 8.5, 'formattedSpread': 'UNLV -8.5', 'spreadOpen': 13, 'overUnder': 61.5, 'overUnderOpen': 58.5, 'homeMoneyline': 260, 'awayMoneyline': -320}, {'provider': 'Bovada', 'spread': 9, 'formattedSpread': 'UNLV -9.0', 'spreadOpen': 13.5, 'overUnder': 61.5, 'overUnderOpen': 58.5, 'homeMoneyline': 370, 'awayMoneyline': -510}]"
2025,1,Samford,West Georgia,"[{'provider': 'ESPN Bet', 'spread': -6.5, 'formattedSpread': 'Samford -6.5', 'spreadOpen': None, 'overUnder': 55.5, 'overUnderOpen': None, 'homeMoneyline': None, 'awayMoneyline': None}]"
2025,1,San Diego State,Stony Brook,"[{'provider': 'Bovada', 'spread': -19.5, 'formattedSpread': 'San Diego State -19.5', 'spreadOpen': -18.5, 'overUnder': 53.5, 'overUnderOpen': 53.5, 'homeMoneyline': -1000, 'awayMoneyline': 625}, {'provider': 'ESPN Bet', 'spread': None, 'formattedSpread': '', 'spreadOpen': -16, 'overUnder': 53.5, 'overUnderOpen': 53.5, 'homeMoneyline': -1600, 'awayMoneyline': 800}]"
2025,1,San José State,Central Michigan,"[{'provider': 'DraftKings', 'spread': -11.5, 'formattedSpread': 'San José State -11.5', 'spreadOpen': -11.5, 'overUnder': 50.5, 'overUnderOpen': 50.5, 'homeMoneyline': -425, 'awayMoneyline': 330}, {'provider': 'ESPN Bet', 'spread': -13.5, 'formattedSpread': 'San José State -13.5', 'spreadOpen': -11.5, 'overUnder': 52.5, 'overUnderOpen': 50.5, 'homeMoneyline': -600, 'awayMoneyline': 400}, {'provider': 'Bovada', 'spread': -14, 'formattedSpread': 'San José State -14.0', 'spreadOpen': -10.5, 'overUnder': 52, 'overUnderOpen': 51, 'homeMoneyline': -460, 'awayMoneyline': 340}]"
2025,1,South Alabama,Morgan State,"[{'provider': 'ESPN Bet', 'spread': -28.5, 'formattedSpread': 'South Alabama -28.5', 'spreadOpen': -28.5, 'overUnder': 51.5, 'overUnderOpen': 51.5, 'homeMoneyline': None, 'awayMoneyline': None}]"
2025,1,South Carolina,Virginia Tech,"[{'provider': 'DraftKings', 'spread': -8.5, 'formattedSpread': 'South Carolina -8.5', 'spreadOpen': -8.5, 'overUnder': 48.5, 'overUnderOpen': 48.5, 'homeMoneyline': -340, 'awayMoneyline': 270}, {'provider': 'ESPN Bet', 'spread': -7.5, 'formattedSpread': 'South Carolina -7.5', 'spreadOpen': -8, 'overUnder': 51.5, 'overUnderOpen': 47.5, 'homeMoneyline': -290, 'awayMoneyline': 240}, {'provider': 'Bovada', 'spread': -7.5, 'formattedSpread': 'South Carolina -7.5', 'spreadOpen': -10.5, 'overUnder': 51.5, 'overUnderOpen': 45.5, 'homeMoneyline': -350, 'awayMoneyline': 275}]"
2025,1,South Florida,Boise State,"[{'provider': 'DraftKings', 'spread': 8.5, 'formattedSpread': 'Boise State -8.5', 'spreadOpen': 8.5, 'overUnder': 63.5, 'overUnderOpen': 63.5, 'homeMoneyline': 250, 'awayMoneyline': -310}, {'provider': 'ESPN Bet', 'spread': 5.5, 'formattedSpread': 'Boise State -5.5', 'spreadOpen': 8.5, 'overUnder': 60.5, 'overUnderOpen': 63.5, 'homeMoneyline': 175, 'awayMoneyline': -210}, {'provider': 'Bovada', 'spread': 4.5, 'formattedSpread': 'Boise State -4.5', 'spreadOpen': 9.5, 'overUnder': 62, 'overUnderOpen': 63.5, 'homeMoneyline': 240, 'awayMoneyline': -290}]"
2025,1,Southern,North Carolina Central,"[{'provider': 'ESPN Bet', 'spread': 10.5, 'formattedSpread': 'North Carolina Central -10.5', 'spreadOpen': None, 'overUnder': 47.5, 'overUnderOpen': None, 'homeMoneyline': None, 'awayMoneyline': None}]"
2025,1,Southern Miss,Mississippi State,"[{'provider': 'DraftKings', 'spread': 11.5, 'formattedSpread': 'Mississippi State -11.5', 'spreadOpen': 11.5, 'overUnder': 59.5, 'overUnderOpen': 59.5, 'homeMoneyline': 340, 'awayMoneyline': -440}, {'provider': 'ESPN Bet', 'spread': 13.5, 'formattedSpread': 'Mississippi State -13.5', 'spreadOpen': 12.5, 'overUnder': 61.5, 'overUnderOpen': 59.5, 'homeMoneyline': 400, 'awayMoneyline': -600}, {'provider': 'Bovada', 'spread': 14, 'formattedSpread': 'Mississippi State -14.0', 'spreadOpen': 15.5, 'overUnder': 61, 'overUnderOpen': 57.5, 'homeMoneyline': 305, 'awayMoneyline': -410}]"
2025,1,St. Thomas (MN),Lindenwood,"[{'provider': 'ESPN Bet', 'spread': 6.5, 'formattedSpread': 'Lindenwood -6.5', 'spreadOpen': None, 'overUnder': 51.5, 'overUnderOpen': None, 'homeMoneyline': None, 'awayMoneyline': None}]"
2025,1,Tennessee,Syracuse,"[{'provider': 'DraftKings', 'spread': -13.5, 'formattedSpread': 'Tennessee -13.5', 'spreadOpen': -13.5, 'overUnder': 53.5, 'overUnderOpen': 53.5, 'homeMoneyline': -550, 'awayMoneyline': 410}, {'provider': 'ESPN Bet', 'spread': -13.5, 'formattedSpread': 'Tennessee -13.5', 'spreadOpen': -14, 'overUnder': 52.5, 'overUnderOpen': 53.5, 'homeMoneyline': -600, 'awayMoneyline': 400}, {'provider': 'Bovada', 'spread': -14, 'formattedSpread': 'Tennessee -14.0', 'spreadOpen': -14.5, 'overUnder': 52, 'overUnderOpen': 56.5, 'homeMoneyline': -550, 'awayMoneyline': 390}]"
2025,1,Texas A&M,UTSA,"[{'provider': 'DraftKings', 'spread': -21.5, 'formattedSpread': 'Texas A&M -21.5', 'spreadOpen': -21.5, 'overUnder': 56.5, 'overUnderOpen': 56.5, 'homeMoneyline': -1650, 'awayMoneyline': 950}, {'provider': 'ESPN Bet', 'spread': -22.5, 'formattedSpread': 'Texas A&M -22.5', 'spreadOpen': -21.5, 'overUnder': 57.5, 'overUnderOpen': None, 'homeMoneyline': -2500, 'awayMoneyline': 1100}, {'provider': 'Bovada', 'spread': -23.5, 'formattedSpread': 'Texas A&M -23.5', 'spreadOpen': -21, 'overUnder': 57, 'overUnderOpen': 56.5, 'homeMoneyline': -2800, 'awayMoneyline': 1100}]"
2025,1,Texas State,Eastern Michigan,"[{'provider': 'DraftKings', 'spread': -14, 'formattedSpread': 'Texas State -14', 'spreadOpen': -14, 'overUnder': 58.5, 'overUnderOpen': 58.5, 'homeMoneyline': -600, 'awayMoneyline': 440}, {'provider': 'ESPN Bet', 'spread': -13.5, 'formattedSpread': 'Texas State -13.5', 'spreadOpen': -14, 'overUnder': 57.5, 'overUnderOpen': 58.5, 'homeMoneyline': -600, 'awayMoneyline': 400}, {'provider': 'Bovada', 'spread': -14, 'formattedSpread': 'Texas State -14.0', 'spreadOpen': -14.5, 'overUnder': 57.5, 'overUnderOpen': 58.5, 'homeMoneyline': -525, 'awayMoneyline': 375}]"
2025,1,Texas Tech,Arkansas-Pine Bluff,[]
2025,1,Troy,Nicholls,"[{'provider': 'ESPN Bet', 'spread': -20.5, 'formattedSpread': 'Troy -20.5', 'spreadOpen': -22.5, 'overUnder': 48.5, 'overUnderOpen': 50.5, 'homeMoneyline': -2500, 'awayMoneyline': 1100}]"
2025,1,Tulane,Northwestern,"[{'provider': 'DraftKings', 'spread': -6.5, 'formattedSpread': 'Tulane -6.5', 'spreadOpen': -6.5, 'overUnder': 47.5, 'overUnderOpen': 47.5, 'homeMoneyline': -245, 'awayMoneyline': 200}, {'provider': 'ESPN Bet', 'spread': -4.5, 'formattedSpread': 'Tulane -4.5', 'spreadOpen': -6.5, 'overUnder': 45.5, 'overUnderOpen': 46.5, 'homeMoneyline': -190, 'awayMoneyline': 160}, {'provider': 'Bovada', 'spread': -5, 'formattedSpread': 'Tulane -5.0', 'spreadOpen': -7.5, 'overUnder': 46.5, 'overUnderOpen': 47.5, 'homeMoneyline': -230, 'awayMoneyline': 190}]"
2025,1,Tulsa,Abilene Christian,[]
2025,1,UAB,Alabama State,"[{'provider': 'Bovada', 'spread': -21, 'formattedSpread': 'UAB -21.0', 'spreadOpen': -20, 'overUnder': 53.5, 'overUnderOpen': 53.5, 'homeMoneyline': -1200, 'awayMoneyline': 700}, {'provider': 'ESPN Bet', 'spread': -21.5, 'formattedSpread': 'UAB -21.5', 'spreadOpen': -20.5, 'overUnder': 53.5, 'overUnderOpen': 53.5, 'homeMoneyline': -2000, 'awayMoneyline': 1000}]"
2025,1,UCF,Jacksonville State,"[{'provider': 'DraftKings', 'spread': -16.5, 'formattedSpread': 'UCF -16.5', 'spreadOpen': -16.5, 'overUnder': 53.5, 'overUnderOpen': 53.5, 'homeMoneyline': -750, 'awayMoneyline': 525}, {'provider': 'ESPN Bet', 'spread': -20.5, 'formattedSpread': 'UCF -20.5', 'spreadOpen': -16.5, 'overUnder': 52.5, 'overUnderOpen': 53.5, 'homeMoneyline': -1800, 'awayMoneyline': 900}, {'provider': 'Bovada', 'spread': -20.5, 'formattedSpread': 'UCF -20.5', 'spreadOpen': -16.5, 'overUnder': 52.5, 'overUnderOpen': 56.5, 'homeMoneyline': -800, 'awayMoneyline': 525}]"
2025,1,UCLA,Utah,"[{'provider': 'DraftKings', 'spread': 6.5, 'formattedSpread': 'Utah -6.5', 'spreadOpen': 6.5, 'overUnder': 50.5, 'overUnderOpen': 50.5, 'homeMoneyline': 195, 'awayMoneyline': -238}, {'provider': 'ESPN Bet', 'spread': 6.5, 'formattedSpread': 'Utah -6.5', 'spreadOpen': 6.5, 'overUnder': 51.5, 'overUnderOpen': 50.5, 'homeMoneyline': 210, 'awayMoneyline': -250}, {'provider': 'Bovada', 'spread': 6, 'formattedSpread': 'Utah -6.0', 'spreadOpen': 3, 'overUnder': 51, 'overUnderOpen': 48.5, 'homeMoneyline': 100, 'awayMoneyline': -120}]"
2025,1,UConn,Central Connecticut,[]
2025,1,UL Monroe,St. Francis (PA),"[{'provider': 'Bovada', 'spread': -31, 'formattedSpread': 'UL Monroe -31.0', 'spreadOpen': -23.5, 'overUnder': 47, 'overUnderOpen': 45.5, 'homeMoneyline': -3500, 'awayMoneyline': 1100}, {'provider': 'ESPN Bet', 'spread': -30.5, 'formattedSpread': 'UL Monroe -30.5', 'spreadOpen': -30.5, 'overUnder': 47.5, 'overUnderOpen': 46.5, 'homeMoneyline': None, 'awayMoneyline': None}]"
2025,1,UNLV,Idaho State,"[{ 'provider': 'BookB', 'spread': -10.5, 'formattedSpread': '-10.5', 'overUnder': 54.5, 'homeMoneyline': -400, 'awayMoneyline': 320 }]"
2025,1,USC,Missouri State,"[{'provider': 'DraftKings', 'spread': -34.5, 'formattedSpread': 'USC -34.5', 'spreadOpen': -34.5, 'overUnder': 59.5, 'overUnderOpen': 59.5, 'homeMoneyline': None, 'awayMoneyline': None}, {'provider': 'ESPN Bet', 'spread': -36.5, 'formattedSpread': 'USC -36.5', 'spreadOpen': -35.5, 'overUnder': 59.5, 'overUnderOpen': 58.5, 'homeMoneyline': None, 'awayMoneyline': None}, {'provider': 'Bovada', 'spread': -35.5, 'formattedSpread': 'USC -35.5', 'spreadOpen': -31.5, 'overUnder': 60, 'overUnderOpen': 59.5, 'homeMoneyline': None, 'awayMoneyline': None}]"
2025,1,Utah State,UTEP,"[{'provider': 'DraftKings', 'spread': -3.5, 'formattedSpread': 'Utah State -3.5', 'spreadOpen': -3.5, 'overUnder': 59.5, 'overUnderOpen': 59.5, 'homeMoneyline': -180, 'awayMoneyline': 150}, {'provider': 'ESPN Bet', 'spread': -5.5, 'formattedSpread': 'Utah State -5.5', 'spreadOpen': -3.5, 'overUnder': 60.5, 'overUnderOpen': 58.5, 'homeMoneyline': -200, 'awayMoneyline': 170}, {'provider': 'Bovada', 'spread': -5.5, 'formattedSpread': 'Utah State -5.5', 'spreadOpen': -3.5, 'overUnder': 60.5, 'overUnderOpen': 59.5, 'homeMoneyline': -165, 'awayMoneyline': 140}]"
2025,1,Vanderbilt,Charleston Southern,"[{'provider': 'ESPN Bet', 'spread': -37, 'formattedSpread': 'Vanderbilt -37', 'spreadOpen': -36, 'overUnder': 48.5, 'overUnderOpen': 48.5, 'homeMoneyline': None, 'awayMoneyline': None}]"
2025,1,Virginia,Coastal Carolina,"[{'provider': 'DraftKings', 'spread': -12.5, 'formattedSpread': 'Virginia -12.5', 'spreadOpen': -12.5, 'overUnder': 57.5, 'overUnderOpen': 57.5, 'homeMoneyline': -470, 'awayMoneyline': 360}, {'provider': 'ESPN Bet', 'spread': -14.5, 'formattedSpread': 'Virginia -14.5', 'spreadOpen': -12.5, 'overUnder': 57.5, 'overUnderOpen': 57.5, 'homeMoneyline': -600, 'awayMoneyline': 400}, {'provider': 'Bovada', 'spread': -14, 'formattedSpread': 'Virginia -14.0', 'spreadOpen': -12.5, 'overUnder': 57.5, 'overUnderOpen': 57.5, 'homeMoneyline': -470, 'awayMoneyline': 345}]"
2025,1,Wake Forest,Kennesaw State,"[{'provider': 'DraftKings', 'spread': -17.5, 'formattedSpread': 'Wake Forest -17.5', 'spreadOpen': -17.5, 'overUnder': 51.5, 'overUnderOpen': 51.5, 'homeMoneyline': -1000, 'awayMoneyline': 650}, {'provider': 'ESPN Bet', 'spread': -18.5, 'formattedSpread': 'Wake Forest -18.5', 'spreadOpen': -18, 'overUnder': 50.5, 'overUnderOpen': 51.5, 'homeMoneyline': -1200, 'awayMoneyline': 700}, {'provider': 'Bovada', 'spread': -18.5, 'formattedSpread': 'Wake Forest -18.5', 'spreadOpen': -17.5, 'overUnder': 50.5, 'overUnderOpen': 53.5, 'homeMoneyline': -1200, 'awayMoneyline': 700}]"
2025,1,Washington,Colorado State,"[{'provider': 'DraftKings', 'spread': -20.5, 'formattedSpread': 'Washington -20.5', 'spreadOpen': -20.5, 'overUnder': 52.5, 'overUnderOpen': 52.5, 'homeMoneyline': -1450, 'awayMoneyline': 850}, {'provider': 'ESPN Bet', 'spread': -21.5, 'formattedSpread': 'Washington -21.5', 'spreadOpen': -19.5, 'overUnder': 53.5, 'overUnderOpen': 52.5, 'homeMoneyline': -3000, 'awayMoneyline': 1200}, {'provider': 'Bovada', 'spread': -21.5, 'formattedSpread': 'Washington -21.5', 'spreadOpen': -18.5, 'overUnder': 53.5, 'overUnderOpen': 52.5, 'homeMoneyline': -1600, 'awayMoneyline': 800}]"
2025,1,Washington State,Idaho,"[{'provider': 'ESPN Bet', 'spread': -13.5, 'formattedSpread': 'Washington State -13.5', 'spreadOpen': -9.5, 'overUnder': 50.5, 'overUnderOpen': 50.5, 'homeMoneyline': -650, 'awayMoneyline': 425}]"
2025,1,West Virginia,Robert Morris,"[{'provider': 'ESPN Bet', 'spread': -38.5, 'formattedSpread': 'West Virginia -38.5', 'spreadOpen': -38.5, 'overUnder': 55.5, 'overUnderOpen': 55.5, 'homeMoneyline': None, 'awayMoneyline': None}]"
2025,1,Western Kentucky,North Alabama,"[{'provider': 'ESPN Bet', 'spread': -28, 'formattedSpread': 'Western Kentucky -28', 'spreadOpen': -28, 'overUnder': 60.5, 'overUnderOpen': 60.5, 'homeMoneyline': -5000, 'awayMoneyline': 1500}]"
2025,1,Western Kentucky,Sam Houston,"[{'provider': 'DraftKings', 'spread': -9.5, 'formattedSpread': 'Western Kentucky -9.5', 'spreadOpen': -9.5, 'overUnder': 60.5, 'overUnderOpen': 60.5, 'homeMoneyline': -360, 'awayMoneyline': 285}, {'provider': 'ESPN Bet', 'spread': -10.5, 'formattedSpread': 'Western Kentucky -10.5', 'spreadOpen': -9.5, 'overUnder': 60.5, 'overUnderOpen': 61.5, 'homeMoneyline': -400, 'awayMoneyline': 300}, {'provider': 'Bovada', 'spread': -9.5, 'formattedSpread': 'Western Kentucky -9.5', 'spreadOpen': -7, 'overUnder': 60, 'overUnderOpen': 61.5, 'homeMoneyline': -390, 'awayMoneyline': 295}]"
2025,1,Wisconsin,Miami (OH),"[{'provider': 'DraftKings', 'spread': -17.5, 'formattedSpread': 'Wisconsin -17.5', 'spreadOpen': -17.5, 'overUnder': 40.5, 'overUnderOpen': 40.5, 'homeMoneyline': -1100, 'awayMoneyline': 700}, {'provider': 'ESPN Bet', 'spread': -18.5, 'formattedSpread': 'Wisconsin -18.5', 'spreadOpen': -17.5, 'overUnder': 41.5, 'overUnderOpen': 40.5, 'homeMoneyline': -1400, 'awayMoneyline': 750}, {'provider': 'Bovada', 'spread': -18, 'formattedSpread': 'Wisconsin -18.0', 'spreadOpen': -17.5, 'overUnder': 41, 'overUnderOpen': 41.5, 'homeMoneyline': -1200, 'awayMoneyline': 700}]"
2025,1,Youngstown State,Mercyhurst,"[{'provider': 'ESPN Bet', 'spread': -24, 'formattedSpread': 'Youngstown State -24', 'spreadOpen': None, 'overUnder': 59.5, 'overUnderOpen': None, 'homeMoneyline': None, 'awayMoneyline': None}]"
2025,2,Alabama,UL Monroe,"[{""provider"": ""ESPN BET"", ""overUnder"": 50.5, ""spread"": -34.5, ""formattedSpread"": ""ALA -34.5"", ""homeMoneyline"": null, ""awayMoneyline"": null}]"
2025,2,App State,Lindenwood,[]
2025,2,Arizona,Weber State,[]
2025,2,Arkansas,Arkansas State,"[{""provider"": ""ESPN BET"", ""overUnder"": 62.5, ""spread"": -23.5, ""formattedSpread"": ""ARK -23.5"", ""homeMoneyline"": -3000, ""awayMoneyline"": 1200}]"
2025,2,Auburn,Ball State,"[{""provider"": ""ESPN BET"", ""overUnder"": 52.5, ""spread"": -42.5, ""formattedSpread"": ""AUB -42.5"", ""homeMoneyline"": null, ""awayMoneyline"": null}]"
2025,2,BYU,Stanford,"[{""provider"": ""ESPN BET"", ""overUnder"": 44.5, ""spread"": -20.5, ""formattedSpread"": ""BYU -20.5"", ""homeMoneyline"": -1800, ""awayMoneyline"": 900}]"
2025,2,Boise State,Eastern Washington,"[{""provider"": ""ESPN BET"", ""overUnder"": 58.5, ""spread"": -31.5, ""formattedSpread"": ""BOIS -31.5"", ""homeMoneyline"": -7500, ""awayMoneyline"": 2000}]"
2025,2,Buffalo,St. Francis (PA),[]
2025,2,California,Texas Southern,[]
2025,2,Charlotte,North Carolina,"[{""provider"": ""ESPN BET"", ""overUnder"": 50.5, ""spread"": 13.5, ""formattedSpread"": ""UNC -13.5"", ""homeMoneyline"": 450, ""awayMoneyline"": -700}]"
2025,2,Cincinnati,Bowling Green,"[{""provider"": ""ESPN BET"", ""overUnder"": 46.5, ""spread"": -22.5, ""formattedSpread"": ""CIN -22.5"", ""homeMoneyline"": -3000, ""awayMoneyline"": 1200}]"
2025,2,Clemson,Troy,"[{""provider"": ""ESPN BET"", ""overUnder"": 51.5, ""spread"": -30.5, ""formattedSpread"": ""CLEM -30.5"", ""homeMoneyline"": null, ""awayMoneyline"": null}]"
2025,2,Coastal Carolina,Charleston Southern,[]
2025,2,Colorado,Delaware,"[{""provider"": ""ESPN BET"", ""overUnder"": 49.5, ""spread"": -23.5, ""formattedSpread"": ""COLO -23.5"", ""homeMoneyline"": -3000, ""awayMoneyline"": 1200}]"
2025,2,Colorado State,Northern Colorado,[]
2025,2,Duke,Illinois,"[{""provider"": ""ESPN BET"", ""overUnder"": 49.5, ""spread"": 2.5, ""formattedSpread"": ""ILL -2.5"", ""homeMoneyline"": 115, ""awayMoneyline"": -135}]"
2025,2,East Carolina,Campbell,[]
2025,2,Eastern Michigan,Long Island University,[]
2025,2,Florida,South Florida,"[{""provider"": ""ESPN BET"", ""overUnder"": 57.5, ""spread"": -18.5, ""formattedSpread"": ""FLA -18.5"", ""homeMoneyline"": -1000, ""awayMoneyline"": 600}]"
2025,2,Florida Atlantic,Florida A&M,[]
2025,2,Florida State,East Texas A&M,"[{""provider"": ""ESPN BET"", ""overUnder"": 57.5, ""spread"": -44.5, ""formattedSpread"": ""FSU -44.5"", ""homeMoneyline"": null, ""awayMoneyline"": null}]"
2025,2,Georgia,Austin Peay,[]
2025,2,Georgia State,Memphis,"[{""provider"": ""ESPN BET"", ""overUnder"": 58.5, ""spread"": 14.5, ""formattedSpread"": ""MEM -14.5"", ""homeMoneyline"": 450, ""awayMoneyline"": -700}]"
2025,2,Georgia Tech,Gardner-Webb,[]
2025,2,Hawai'i,Sam Houston,"[{""provider"": ""ESPN BET"", ""overUnder"": 49.5, ""spread"": -6.5, ""formattedSpread"": ""HAW -6.5"", ""homeMoneyline"": -275, ""awayMoneyline"": 225}]"
2025,2,Indiana,Kennesaw State,"[{""provider"": ""ESPN BET"", ""overUnder"": 51.5, ""spread"": -35.5, ""formattedSpread"": ""IU -35.5"", ""homeMoneyline"": null, ""awayMoneyline"": null}]"
2025,2,Iowa State,Iowa,"[{""provider"": ""ESPN BET"", ""overUnder"": 43.5, ""spread"": -3.5, ""formattedSpread"": ""ISU -3.5"", ""homeMoneyline"": -170, ""awayMoneyline"": 145}]"
2025,2,Jacksonville State,Liberty,"[{""provider"": ""ESPN BET"", ""overUnder"": 50.5, ""spread"": 6.5, ""formattedSpread"": ""LIB -6.5"", ""homeMoneyline"": 190, ""awayMoneyline"": -225}]"
2025,2,Kansas State,Army,"[{""provider"": ""ESPN BET"", ""overUnder"": 47.5, ""spread"": -16.5, ""formattedSpread"": ""KSU -16.5"", ""homeMoneyline"": -800, ""awayMoneyline"": 500}]"
2025,2,Kentucky,Ole Miss,"[{""provider"": ""ESPN BET"", ""overUnder"": 50.5, ""spread"": 8.5, ""formattedSpread"": ""MISS -8.5"", ""homeMoneyline"": 260, ""awayMoneyline"": -320}]"
2025,2,LSU,Louisiana Tech,"[{""provider"": ""ESPN BET"", ""overUnder"": 49.5, ""spread"": -37.5, ""formattedSpread"": ""LSU -37.5"", ""homeMoneyline"": null, ""awayMoneyline"": null}]"
2025,2,Louisiana,McNeese,[]
2025,2,Louisville,James Madison,"[{""provider"": ""ESPN BET"", ""overUnder"": 55.5, ""spread"": -14.5, ""formattedSpread"": ""LOU -14.5"", ""homeMoneyline"": -700, ""awayMoneyline"": 450}]"
2025,2,Marshall,Missouri State,"[{""provider"": ""ESPN BET"", ""overUnder"": 54.5, ""spread"": -8.5, ""formattedSpread"": ""MRSH -8.5"", ""homeMoneyline"": -340, ""awayMoneyline"": 270}]"
2025,2,Maryland,Northern Illinois,"[{""provider"": ""ESPN BET"", ""overUnder"": 45.5, ""spread"": -16.5, ""formattedSpread"": ""MD -16.5"", ""homeMoneyline"": -900, ""awayMoneyline"": 550}]"
2025,2,Massachusetts,Bryant,[]
2025,2,Miami,Bethune-Cookman,[]
2025,2,Michigan State,Boston College,"[{""provider"": ""ESPN BET"", ""overUnder"": 45.5, ""spread"": -3.5, ""formattedSpread"": ""MSU -3.5"", ""homeMoneyline"": -170, ""awayMoneyline"": 145}]"
2025,2,Minnesota,Northwestern State,"[{""provider"": ""ESPN BET"", ""overUnder"": 50.5, ""spread"": -43.5, ""formattedSpread"": ""MINN -43.5"", ""homeMoneyline"": null, ""awayMoneyline"": null}]"
2025,2,Mississippi State,Arizona State,"[{""provider"": ""ESPN BET"", ""overUnder"": 58.5, ""spread"": 6.5, ""formattedSpread"": ""ASU -6.5"", ""homeMoneyline"": 200, ""awayMoneyline"": -240}]"
2025,2,Missouri,Kansas,"[{""provider"": ""ESPN BET"", ""overUnder"": 49.5, ""spread"": -5.5, ""formattedSpread"": ""MIZ -5.5"", ""homeMoneyline"": -225, ""awayMoneyline"": 190}]"
2025,2,NC State,Virginia,"[{""provider"": ""ESPN BET"", ""overUnder"": 53.5, ""spread"": -2.5, ""formattedSpread"": ""NCSU -2.5"", ""homeMoneyline"": -145, ""awayMoneyline"": 125}]"
2025,2,Navy,UAB,"[{""provider"": ""ESPN BET"", ""overUnder"": 58.5, ""spread"": -20.5, ""formattedSpread"": ""NAVY -20.5"", ""homeMoneyline"": -1600, ""awayMoneyline"": 800}]"
2025,2,Nebraska,Akron,"[{""provider"": ""ESPN BET"", ""overUnder"": 47.5, ""spread"": -34.5, ""formattedSpread"": ""NEB -34.5"", ""homeMoneyline"": null, ""awayMoneyline"": null}]"
2025,2,Nevada,Sacramento State,[]
2025,2,New Mexico,Idaho State,[]
2025,2,New Mexico State,Tulsa,"[{""provider"": ""ESPN BET"", ""overUnder"": 52.5, ""spread"": 3.5, ""formattedSpread"": ""TLSA -3.5"", ""homeMoneyline"": 155, ""awayMoneyline"": -185}]"
2025,2,Northwestern,Western Illinois,"[{""provider"": ""ESPN BET"", ""overUnder"": 48.5, ""spread"": -31.5, ""formattedSpread"": ""NU -31.5"", ""homeMoneyline"": -7500, ""awayMoneyline"": 2000}]"
2025,2,Ohio,West Virginia,"[{""provider"": ""ESPN BET"", ""overUnder"": 59.5, ""spread"": 3.5, ""formattedSpread"": ""WVU -3.5"", ""homeMoneyline"": 140, ""awayMoneyline"": -165}]"
2025,2,Ohio State,Grambling,"[{""provider"": ""ESPN BET"", ""overUnder"": 62.5, ""spread"": -55.5, ""formattedSpread"": ""OSU -55.5"", ""homeMoneyline"": null, ""awayMoneyline"": null}]"
2025,2,Oklahoma,Michigan,"[{""provider"": ""ESPN BET"", ""overUnder"": 43.5, ""spread"": -5.5, ""formattedSpread"": ""OU -5.5"", ""homeMoneyline"": -200, ""awayMoneyline"": 170}]"
2025,2,Old Dominion,North Carolina Central,[]
2025,2,Oregon,Oklahoma State,"[{""provider"": ""ESPN BET"", ""overUnder"": 55.5, ""spread"": -28.5, ""formattedSpread"": ""ORE -28.5"", ""homeMoneyline"": null, ""awayMoneyline"": null}]"
2025,2,Oregon State,Fresno State,"[{""provider"": ""ESPN BET"", ""overUnder"": 44.5, ""spread"": -1.5, ""formattedSpread"": ""ORST -1.5"", ""homeMoneyline"": -125, ""awayMoneyline"": 105}]"
2025,2,Penn State,Florida International,"[{""provider"": ""ESPN BET"", ""overUnder"": 53.5, ""spread"": -42.5, ""formattedSpread"": ""PSU -42.5"", ""homeMoneyline"": null, ""awayMoneyline"": null}]"
2025,2,Pittsburgh,Central Michigan,"[{""provider"": ""ESPN BET"", ""overUnder"": 49.5, ""spread"": -21.5, ""formattedSpread"": ""PITT -21.5"", ""homeMoneyline"": -2500, ""awayMoneyline"": 1100}]"
2025,2,Purdue,Southern Illinois,[]
2025,2,Rice,Houston,"[{""provider"": ""ESPN BET"", ""overUnder"": 39.5, ""spread"": 13.5, ""formattedSpread"": ""HOU -13.5"", ""homeMoneyline"": 450, ""awayMoneyline"": -700}]"
2025,2,Rutgers,Miami (OH),"[{""provider"": ""ESPN BET"", ""overUnder"": 44.5, ""spread"": -14.5, ""formattedSpread"": ""RUTG -14.5"", ""homeMoneyline"": -700, ""awayMoneyline"": 450}]"
2025,2,SMU,Baylor,"[{""provider"": ""ESPN BET"", ""overUnder"": 64.5, ""spread"": -2.5, ""formattedSpread"": ""SMU -2.5"", ""homeMoneyline"": -140, ""awayMoneyline"": 120}]"
2025,2,South Alabama,Tulane,"[{""provider"": ""ESPN BET"", ""overUnder"": 51.5, ""spread"": 12.5, ""formattedSpread"": ""TULN -12.5"", ""homeMoneyline"": 400, ""awayMoneyline"": -600}]"
2025,2,South Carolina,South Carolina State,[]
2025,2,Southern Miss,Jackson State,[]
2025,2,Syracuse,UConn,"[{""provider"": ""ESPN BET"", ""overUnder"": 57.5, ""spread"": -6.5, ""formattedSpread"": ""SYR -6.5"", ""homeMoneyline"": -260, ""awayMoneyline"": 215}]"
2025,2,Temple,Howard,[]
2025,2,Tennessee,East Tennessee State,[]
2025,2,Texas,San José State,"[{""provider"": ""ESPN BET"", ""overUnder"": 52.5, ""spread"": -37.5, ""formattedSpread"": ""TEX -37.5"", ""homeMoneyline"": null, ""awayMoneyline"": null}]"
2025,2,Texas A&M,Utah State,"[{""provider"": ""ESPN BET"", ""overUnder"": 57.5, ""spread"": -32.5, ""formattedSpread"": ""TA&M -32.5"", ""homeMoneyline"": null, ""awayMoneyline"": null}]"
2025,2,Texas Tech,Kent State,"[{""provider"": ""ESPN BET"", ""overUnder"": 59.5, ""spread"": -48.5, ""formattedSpread"": ""TTU -48.5"", ""homeMoneyline"": null, ""awayMoneyline"": null}]"
2025,2,Toledo,Western Kentucky,"[{""provider"": ""ESPN BET"", ""overUnder"": 57.5, ""spread"": -7.5, ""formattedSpread"": ""TOL -7.5"", ""homeMoneyline"": -275, ""awayMoneyline"": 225}]"
2025,2,UCF,North Carolina A&T,[]
2025,2,UNLV,UCLA,"[{""provider"": ""ESPN BET"", ""overUnder"": 54.5, ""spread"": 1.5, ""formattedSpread"": ""UCLA -1.5"", ""homeMoneyline"": 105, ""awayMoneyline"": -125}]"
2025,2,USC,Georgia Southern,"[{""provider"": ""ESPN BET"", ""overUnder"": 60.5, ""spread"": -29.5, ""formattedSpread"": ""USC -29.5"", ""homeMoneyline"": null, ""awayMoneyline"": null}]"
2025,2,UTEP,UT Martin,[]
2025,2,UTSA,Texas State,"[{""provider"": ""ESPN BET"", ""overUnder"": 65.5, ""spread"": -4.5, ""formattedSpread"": ""UTSA -4.5"", ""homeMoneyline"": -175, ""awayMoneyline"": 150}]"
2025,2,Utah,Cal Poly,[]
2025,2,Virginia Tech,Vanderbilt,"[{""provider"": ""ESPN BET"", ""overUnder"": 44.5, ""spread"": -1.5, ""formattedSpread"": ""VT -1.5"", ""homeMoneyline"": -125, ""awayMoneyline"": 105}]"
2025,2,Wake Forest,Western Carolina,[]
2025,2,Washington,UC Davis,[]
2025,2,Washington State,San Diego State,"[{""provider"": ""ESPN BET"", ""overUnder"": 46.5, ""spread"": -2.5, ""formattedSpread"": ""WSU -2.5"", ""homeMoneyline"": -120, ""awayMoneyline"": 100}]"
2025,2,Western Michigan,North Texas,"[{""provider"": ""ESPN BET"", ""overUnder"": 55.5, ""spread"": 10.5, ""formattedSpread"": ""UNT -10.5"", ""homeMoneyline"": 280, ""awayMoneyline"": -360}]"
2025,2,Wisconsin,Middle Tennessee,"[{""provider"": ""ESPN BET"", ""overUnder"": 45.5, ""spread"": -28.5, ""formattedSpread"": ""WIS -28.5"", ""homeMoneyline"": null, ""awayMoneyline"": null}]"
2025,2,Wyoming,Northern Iowa,[]
2025,3,Alabama,Wisconsin,"[{""provider"": ""ESPN BET"", ""overUnder"": 44.5, ""spread"": -20.5, ""formattedSpread"": ""ALA -20.5"", ""homeMoneyline"": -1600, ""awayMoneyline"": 800}]"
2025,3,Arizona,Kansas State,"[{""provider"": ""ESPN BET"", ""overUnder"": 54.5, ""spread"": 2.5, ""formattedSpread"": ""KSU -2.5"", ""homeMoneyline"": 110, ""awayMoneyline"": -130}]"
2025,3,Arizona State,Texas State,"[{""provider"": ""ESPN BET"", ""overUnder"": 60.5, ""spread"": -17.5, ""formattedSpread"": ""ASU -17.5"", ""homeMoneyline"": -1000, ""awayMoneyline"": 600}]"
2025,3,Arkansas State,Iowa State,"[{""provider"": ""ESPN BET"", ""overUnder"": 55.5, ""spread"": 21.5, ""formattedSpread"": ""ISU -21.5"", ""homeMoneyline"": 1000, ""awayMoneyline"": -2000}]"
2025,3,Auburn,South Alabama,"[{""provider"": ""ESPN BET"", ""overUnder"": 54.5, ""spread"": -24.5, ""formattedSpread"": ""AUB -24.5"", ""homeMoneyline"": -4000, ""awayMoneyline"": 1300}]"
2025,3,Bowling Green,Liberty,"[{""provider"": ""ESPN BET"", ""overUnder"": 51.5, ""spread"": 5.5, ""formattedSpread"": ""LIB -5.5"", ""homeMoneyline"": 175, ""awayMoneyline"": -210}]"
2025,3,California,Minnesota,"[{""provider"": ""ESPN BET"", ""overUnder"": 40.5, ""spread"": 2.5, ""formattedSpread"": ""MINN -2.5"", ""homeMoneyline"": 130, ""awayMoneyline"": -150}]"
2025,3,Coastal Carolina,East Carolina,"[{""provider"": ""ESPN BET"", ""overUnder"": 57.5, ""spread"": 9.5, ""formattedSpread"": ""ECU -9.5"", ""homeMoneyline"": 270, ""awayMoneyline"": -340}]"
2025,3,Delaware,UConn,"[{""provider"": ""ESPN BET"", ""overUnder"": 52.5, ""spread"": 7.5, ""formattedSpread"": ""CONN -7.5"", ""homeMoneyline"": 260, ""awayMoneyline"": -320}]"
2025,3,Florida International,Florida Atlantic,"[{""provider"": ""ESPN BET"", ""overUnder"": 57.5, ""spread"": -1.5, ""formattedSpread"": ""FIU -1.5"", ""homeMoneyline"": -125, ""awayMoneyline"": 105}]"
2025,3,Georgia Southern,Jacksonville State,"[{""provider"": ""ESPN BET"", ""overUnder"": 59.5, ""spread"": -2.5, ""formattedSpread"": ""GASO -2.5"", ""homeMoneyline"": -150, ""awayMoneyline"": 130}]"
2025,3,Georgia Tech,Clemson,"[{""provider"": ""ESPN BET"", ""overUnder"": 51.5, ""spread"": 2.5, ""formattedSpread"": ""CLEM -2.5"", ""homeMoneyline"": 125, ""awayMoneyline"": -145}]"
2025,3,Houston,Colorado,"[{""provider"": ""ESPN BET"", ""overUnder"": 45.5, ""spread"": -3.5, ""formattedSpread"": ""HOU -3.5"", ""homeMoneyline"": -185, ""awayMoneyline"": 155}]"
2025,3,Illinois,Western Michigan,"[{""provider"": ""ESPN BET"", ""overUnder"": 50.5, ""spread"": -27.5, ""formattedSpread"": ""ILL -27.5"", ""homeMoneyline"": -5000, ""awayMoneyline"": 1500}]"
2025,3,Indiana,Indiana State,"[{""provider"": ""ESPN BET"", ""overUnder"": 58.5, ""spread"": -47.0, ""formattedSpread"": ""IU -47"", ""homeMoneyline"": null, ""awayMoneyline"": null}]"
2025,3,Iowa,Massachusetts,"[{""provider"": ""ESPN BET"", ""overUnder"": 43.5, ""spread"": -34.5, ""formattedSpread"": ""IOWA -34.5"", ""homeMoneyline"": null, ""awayMoneyline"": null}]"
2025,3,Kent State,Buffalo,"[{""provider"": ""ESPN BET"", ""overUnder"": 48.5, ""spread"": 23.5, ""formattedSpread"": ""BUF -23.5"", ""homeMoneyline"": 1200, ""awayMoneyline"": -3000}]"
2025,3,Kentucky,Eastern Michigan,"[{""provider"": ""ESPN BET"", ""overUnder"": 49.5, ""spread"": -26.5, ""formattedSpread"": ""UK -26.5"", ""homeMoneyline"": -3000, ""awayMoneyline"": 1200}]"
2025,3,LSU,Florida,"[{""provider"": ""ESPN BET"", ""overUnder"": 47.5, ""spread"": -6.5, ""formattedSpread"": ""LSU -6.5"", ""homeMoneyline"": -270, ""awayMoneyline"": 220}]"
2025,3,Louisiana Tech,New Mexico State,"[{""provider"": ""ESPN BET"", ""overUnder"": 43.5, ""spread"": -10.5, ""formattedSpread"": ""LT -10.5"", ""homeMoneyline"": -380, ""awayMoneyline"": 290}]"
2025,3,Maryland,Towson,"[{""provider"": ""ESPN BET"", ""overUnder"": 50.5, ""spread"": -29.0, ""formattedSpread"": ""MD -29"", ""homeMoneyline"": -10000, ""awayMoneyline"": 2500}]"
2025,3,Miami,South Florida,"[{""provider"": ""ESPN BET"", ""overUnder"": 56.5, ""spread"": -17.5, ""formattedSpread"": ""MIA -17.5"", ""homeMoneyline"": -800, ""awayMoneyline"": 500}]"
2025,3,Michigan,Central Michigan,"[{""provider"": ""ESPN BET"", ""overUnder"": 42.5, ""spread"": -28.5, ""formattedSpread"": ""MICH -28.5"", ""homeMoneyline"": -4000, ""awayMoneyline"": 1300}]"
2025,3,Missouri,Louisiana,"[{""provider"": ""ESPN BET"", ""overUnder"": 47.5, ""spread"": -27.5, ""formattedSpread"": ""MIZ -27.5"", ""homeMoneyline"": null, ""awayMoneyline"": null}]"
2025,3,Missouri State,SMU,"[{""provider"": ""ESPN BET"", ""overUnder"": 60.5, ""spread"": 27.5, ""formattedSpread"": ""SMU -27.5"", ""homeMoneyline"": 2000, ""awayMoneyline"": -7500}]"
2025,3,Nevada,Middle Tennessee,"[{""provider"": ""ESPN BET"", ""overUnder"": 49.5, ""spread"": -8.5, ""formattedSpread"": ""NEV -8.5"", ""homeMoneyline"": -320, ""awayMoneyline"": 260}]"
2025,3,North Carolina,Richmond,"[{""provider"": ""ESPN BET"", ""overUnder"": 46.5, ""spread"": -21.0, ""formattedSpread"": ""UNC -21"", ""homeMoneyline"": -2500, ""awayMoneyline"": 1100}]"
2025,3,North Texas,Washington State,"[{""provider"": ""ESPN BET"", ""overUnder"": 56.5, ""spread"": -5.5, ""formattedSpread"": ""UNT -5.5"", ""homeMoneyline"": -215, ""awayMoneyline"": 180}]"
2025,3,Northwestern,Oregon,"[{""provider"": ""ESPN BET"", ""overUnder"": 48.5, ""spread"": 27.5, ""formattedSpread"": ""ORE -27.5"", ""homeMoneyline"": 1800, ""awayMoneyline"": -6000}]"
2025,3,Notre Dame,Texas A&M,"[{""provider"": ""ESPN BET"", ""overUnder"": 50.5, ""spread"": -6.5, ""formattedSpread"": ""ND -6.5"", ""homeMoneyline"": -240, ""awayMoneyline"": 200}]"
2025,3,Ohio State,Ohio,"[{""provider"": ""ESPN BET"", ""overUnder"": 49.5, ""spread"": -29.5, ""formattedSpread"": ""OSU -29.5"", ""homeMoneyline"": null, ""awayMoneyline"": null}]"
2025,3,Ole Miss,Arkansas,"[{""provider"": ""ESPN BET"", ""overUnder"": 62.5, ""spread"": -6.5, ""formattedSpread"": ""MISS -6.5"", ""homeMoneyline"": -230, ""awayMoneyline"": 195}]"
2025,3,Purdue,USC,"[{""provider"": ""ESPN BET"", ""overUnder"": 60.5, ""spread"": 20.5, ""formattedSpread"": ""USC -20.5"", ""homeMoneyline"": 900, ""awayMoneyline"": -1800}]"
2025,3,South Carolina,Vanderbilt,"[{""provider"": ""ESPN BET"", ""overUnder"": 49.5, ""spread"": -2.5, ""formattedSpread"": ""SC -2.5"", ""homeMoneyline"": -140, ""awayMoneyline"": 120}]"
2025,3,Southern Miss,App State,"[{""provider"": ""ESPN BET"", ""overUnder"": 57.5, ""spread"": 3.5, ""formattedSpread"": ""APP -3.5"", ""homeMoneyline"": 145, ""awayMoneyline"": -170}]"
2025,3,Stanford,Boston College,"[{""provider"": ""ESPN BET"", ""overUnder"": 44.5, ""spread"": 13.5, ""formattedSpread"": ""BC -13.5"", ""homeMoneyline"": 400, ""awayMoneyline"": -600}]"
2025,3,Syracuse,Colgate,"[{""provider"": ""ESPN BET"", ""overUnder"": 64.5, ""spread"": -37.5, ""formattedSpread"": ""SYR -37.5"", ""homeMoneyline"": -50000, ""awayMoneyline"": 3500}]"
2025,3,Temple,Oklahoma,"[{""provider"": ""ESPN BET"", ""overUnder"": 52.5, ""spread"": 23.5, ""formattedSpread"": ""OU -23.5"", ""homeMoneyline"": 1300, ""awayMoneyline"": -4000}]"
2025,3,Tennessee,Georgia,"[{""provider"": ""ESPN BET"", ""overUnder"": 50.5, ""spread"": 3.5, ""formattedSpread"": ""UGA -3.5"", ""homeMoneyline"": 155, ""awayMoneyline"": -185}]"
2025,3,Texas,UTEP,"[{""provider"": ""ESPN BET"", ""overUnder"": 51.5, ""spread"": -40.5, ""formattedSpread"": ""TEX -40.5"", ""homeMoneyline"": null, ""awayMoneyline"": null}]"
2025,3,Texas Tech,Oregon State,"[{""provider"": ""ESPN BET"", ""overUnder"": 62.5, ""spread"": -23.5, ""formattedSpread"": ""TTU -23.5"", ""homeMoneyline"": -2500, ""awayMoneyline"": 1100}]"
2025,3,Troy,Memphis,"[{""provider"": ""ESPN BET"", ""overUnder"": 51.5, ""spread"": 4.5, ""formattedSpread"": ""MEM -4.5"", ""homeMoneyline"": 160, ""awayMoneyline"": -190}]"
2025,3,Tulane,Duke,"[{""provider"": ""ESPN BET"", ""overUnder"": 51.5, ""spread"": -1.5, ""formattedSpread"": ""TULN -1.5"", ""homeMoneyline"": -125, ""awayMoneyline"": 105}]"
2025,3,Tulsa,Navy,"[{""provider"": ""ESPN BET"", ""overUnder"": 51.5, ""spread"": 14.5, ""formattedSpread"": ""NAVY -14.5"", ""homeMoneyline"": 450, ""awayMoneyline"": -700}]"
2025,3,UAB,Akron,"[{""provider"": ""ESPN BET"", ""overUnder"": 57.5, ""spread"": -11.5, ""formattedSpread"": ""UAB -11.5"", ""homeMoneyline"": -500, ""awayMoneyline"": 360}]"
2025,3,UCLA,New Mexico,"[{""provider"": ""ESPN BET"", ""overUnder"": 53.5, ""spread"": -15.5, ""formattedSpread"": ""UCLA -15.5"", ""homeMoneyline"": -650, ""awayMoneyline"": 425}]"
2025,3,Utah State,Air Force,"[{""provider"": ""ESPN BET"", ""overUnder"": 50.5, ""spread"": 3.5, ""formattedSpread"": ""AF -3.5"", ""homeMoneyline"": 155, ""awayMoneyline"": -185}]"
2025,3,Virginia Tech,Old Dominion,"[{""provider"": ""ESPN BET"", ""overUnder"": 50.5, ""spread"": -5.5, ""formattedSpread"": ""VT -5.5"", ""homeMoneyline"": -215, ""awayMoneyline"": 180}]"
2025,3,Wake Forest,NC State,"[{""provider"": ""ESPN BET"", ""overUnder"": 52.5, ""spread"": 7.5, ""formattedSpread"": ""NCSU -7.5"", ""homeMoneyline"": 230, ""awayMoneyline"": -280}]"
2025,3,West Virginia,Pittsburgh,"[{""provider"": ""ESPN BET"", ""overUnder"": 55.5, ""spread"": 7.5, ""formattedSpread"": ""PITT -7.5"", ""homeMoneyline"": 240, ""awayMoneyline"": -290}]"
2025,3,Wyoming,Utah,"[{""provider"": ""ESPN BET"", ""overUnder"": 46.5, ""spread"": 23.5, ""formattedSpread"": ""UTAH -23.5"", ""homeMoneyline"": 1200, ""awayMoneyline"": -3000}]"
2025,4,Air Force,Boise State,"[{""provider"":""DraftKings"",""spread"":10.0,""formattedSpread"":""Air Force +10.0"",""overUnder"":51.5,""homeMoneyline"":295,""awayMoneyline"":-375},{""provider"":""BetOnline.ag"",""spread"":10.0,""formattedSpread"":""Air Force +10.0"",""overUnder"":51.0,""homeMoneyline"":null,""awayMoneyline"":null},{""provider"":""LowVig.ag"",""spread"":10.0,""formattedSpread"":""Air Force +10.0"",""overUnder"":51.0,""homeMoneyline"":null,""awayMoneyline"":null},{""provider"":""FanDuel"",""spread"":9.5,""formattedSpread"":""Air Force +9.5"",""overUnder"":51.5,""homeMoneyline"":285,""awayMoneyline"":-360},{""provider"":""Fliff"",""spread"":9.5,""formattedSpread"":""Air Force +9.5"",""overUnder"":51.5,""homeMoneyline"":290,""awayMoneyline"":-440},{""provider"":""MyBookie.ag"",""spread"":9.5,""formattedSpread"":""Air Force +9.5"",""overUnder"":51.5,""homeMoneyline"":285,""awayMoneyline"":-370},{""provider"":""BetMGM"",""spread"":10.0,""formattedSpread"":""Air Force +10.0"",""overUnder"":51.5,""homeMoneyline"":null,""awayMoneyline"":null},{""provider"":""Bovada"",""spread"":9.5,""formattedSpread"":""Air Force +9.5"",""overUnder"":51.5,""homeMoneyline"":275,""awayMoneyline"":-350},{""provider"":""ESPN BET"",""spread"":10.5,""formattedSpread"":""Air Force +10.5"",""overUnder"":51.5,""homeMoneyline"":null,""awayMoneyline"":null},{""provider"":""BetAnySports"",""spread"":10.0,""formattedSpread"":""Air Force +10.0"",""overUnder"":51.5,""homeMoneyline"":null,""awayMoneyline"":null},{""provider"":""Bally Bet"",""spread"":10.5,""formattedSpread"":""Air Force +10.5"",""overUnder"":51.5,""homeMoneyline"":295,""awayMoneyline"":-385},{""provider"":""betPARX"",""spread"":10.5,""formattedSpread"":""Air Force +10.5"",""overUnder"":51.5,""homeMoneyline"":295,""awayMoneyline"":-385},{""provider"":""BetRivers"",""spread"":10.5,""formattedSpread"":""Air Force +10.5"",""overUnder"":51.5,""homeMoneyline"":270,""awayMoneyline"":-385},{""provider"":""BetUS"",""spread"":10.0,""formattedSpread"":""Air Force +10.0"",""overUnder"":51.5,""homeMoneyline"":null,""awayMoneyline"":null},{""provider"":""Hard Rock Bet"",""spread"":9.5,""formattedSpread"":""Air Force +9.5"",""overUnder"":51.5,""homeMoneyline"":275,""awayMoneyline"":-375}]"
2025,4,Army,North Texas,"[{""provider"":""FanDuel"",""spread"":-1.5,""formattedSpread"":""Army -1.5"",""overUnder"":52.5,""homeMoneyline"":-118,""awayMoneyline"":-102},{""provider"":""Fliff"",""spread"":-1.5,""formattedSpread"":""Army -1.5"",""overUnder"":52.5,""homeMoneyline"":-125,""awayMoneyline"":-110},{""provider"":""Bally Bet"",""spread"":1.0,""formattedSpread"":""Army +1.0"",""overUnder"":52.0,""homeMoneyline"":-109,""awayMoneyline"":-112},{""provider"":""BetRivers"",""spread"":1.0,""formattedSpread"":""Army +1.0"",""overUnder"":52.0,""homeMoneyline"":-110,""awayMoneyline"":-113},{""provider"":""betPARX"",""spread"":1.0,""formattedSpread"":""Army +1.0"",""overUnder"":52.0,""homeMoneyline"":-109,""awayMoneyline"":-112},{""provider"":""MyBookie.ag"",""spread"":-1.5,""formattedSpread"":""Army -1.5"",""overUnder"":52.5,""homeMoneyline"":null,""awayMoneyline"":null},{""provider"":""DraftKings"",""spread"":-1.5,""formattedSpread"":""Army -1.5"",""overUnder"":52.5,""homeMoneyline"":-112,""awayMoneyline"":-108},{""provider"":""BetOnline.ag"",""spread"":1.5,""formattedSpread"":""Army +1.5"",""overUnder"":52.5,""homeMoneyline"":null,""awayMoneyline"":null},{""provider"":""LowVig.ag"",""spread"":1.5,""formattedSpread"":""Army +1.5"",""overUnder"":52.5,""homeMoneyline"":null,""awayMoneyline"":null},{""provider"":""Hard Rock Bet"",""spread"":-1.5,""formattedSpread"":""Army -1.5"",""overUnder"":52.5,""homeMoneyline"":-120,""awayMoneyline"":100},{""provider"":""ESPN BET"",""spread"":-2.5,""formattedSpread"":""Army -2.5"",""overUnder"":52.5,""homeMoneyline"":null,""awayMoneyline"":null},{""provider"":""BetMGM"",""spread"":-1.0,""formattedSpread"":""Army -1.0"",""overUnder"":52.5,""homeMoneyline"":null,""awayMoneyline"":null},{""provider"":""BetAnySports"",""spread"":-1.0,""formattedSpread"":""Army -1.0"",""overUnder"":52.5,""homeMoneyline"":null,""awayMoneyline"":null},{""provider"":""BetUS"",""spread"":1.5,""formattedSpread"":""Army +1.5"",""overUnder"":52.5,""homeMoneyline"":null,""awayMoneyline"":null},{""provider"":""Bovada"",""spread"":-1.5,""formattedSpread"":""Army -1.5"",""overUnder"":52.0,""homeMoneyline"":-120,""awayMoneyline"":100}]"
2025,4,Baylor,Arizona State,"[{""provider"":""FanDuel"",""spread"":-2.5,""formattedSpread"":""Baylor -2.5"",""overUnder"":59.5,""homeMoneyline"":-128,""awayMoneyline"":106},{""provider"":""Fliff"",""spread"":-2.5,""formattedSpread"":""Baylor -2.5"",""overUnder"":59.5,""homeMoneyline"":-135,""awayMoneyline"":-105},{""provider"":""DraftKings"",""spread"":-2.5,""formattedSpread"":""Baylor -2.5"",""overUnder"":59.5,""homeMoneyline"":-125,""awayMoneyline"":105},{""provider"":""MyBookie.ag"",""spread"":-2.0,""formattedSpread"":""Baylor -2.0"",""overUnder"":59.5,""homeMoneyline"":-130,""awayMoneyline"":106},{""provider"":""Hard Rock Bet"",""spread"":-2.5,""formattedSpread"":""Baylor -2.5"",""overUnder"":59.5,""homeMoneyline"":-130,""awayMoneyline"":110},{""provider"":""LowVig.ag"",""spread"":-2.5,""formattedSpread"":""Baylor -2.5"",""overUnder"":59.5,""homeMoneyline"":null,""awayMoneyline"":null},{""provider"":""BetOnline.ag"",""spread"":-2.5,""formattedSpread"":""Baylor -2.5"",""overUnder"":59.5,""homeMoneyline"":null,""awayMoneyline"":null},{""provider"":""BetMGM"",""spread"":-2.5,""formattedSpread"":""Baylor -2.5"",""overUnder"":59.5,""homeMoneyline"":-135,""awayMoneyline"":110},{""provider"":""Bovada"",""spread"":null,""formattedSpread"":"""",""overUnder"":60.0,""homeMoneyline"":null,""awayMoneyline"":null},{""provider"":""ESPN BET"",""spread"":-2.5,""formattedSpread"":""Baylor -2.5"",""overUnder"":60.5,""homeMoneyline"":null,""awayMoneyline"":null},{""provider"":""BetAnySports"",""spread"":-2.0,""formattedSpread"":""Baylor -2.0"",""overUnder"":59.5,""homeMoneyline"":null,""awayMoneyline"":null},{""provider"":""betPARX"",""spread"":-2.5,""formattedSpread"":""Baylor -2.5"",""overUnder"":59.5,""homeMoneyline"":-130,""awayMoneyline"":107},{""provider"":""Bally Bet"",""spread"":-2.5,""formattedSpread"":""Baylor -2.5"",""overUnder"":59.5,""homeMoneyline"":-130,""awayMoneyline"":107},{""provider"":""BetRivers"",""spread"":-2.5,""formattedSpread"":""Baylor -2.5"",""overUnder"":59.5,""homeMoneyline"":-132,""awayMoneyline"":106},{""provider"":""BetUS"",""spread"":-2.5,""formattedSpread"":""Baylor -2.5"",""overUnder"":59.5,""homeMoneyline"":null,""awayMoneyline"":null}]"
2025,4,Buffalo,Troy,"[{""provider"":""DraftKings"",""spread"":-6.0,""formattedSpread"":""Buffalo -6.0"",""overUnder"":42.5,""homeMoneyline"":-218,""awayMoneyline"":180},{""provider"":""LowVig.ag"",""spread"":-6.5,""formattedSpread"":""Buffalo -6.5"",""overUnder"":42.5,""homeMoneyline"":null,""awayMoneyline"":null},{""provider"":""BetOnline.ag"",""spread"":-6.5,""formattedSpread"":""Buffalo -6.5"",""overUnder"":42.5,""homeMoneyline"":null,""awayMoneyline"":null},{""provider"":""FanDuel"",""spread"":-6.5,""formattedSpread"":""Buffalo -6.5"",""overUnder"":42.5,""homeMoneyline"":-225,""awayMoneyline"":184},{""provider"":""MyBookie.ag"",""spread"":-6.0,""formattedSpread"":""Buffalo -6.0"",""overUnder"":42.0,""homeMoneyline"":-255,""awayMoneyline"":200},{""provider"":""Fliff"",""spread"":-6.5,""formattedSpread"":""Buffalo -6.5"",""overUnder"":42.5,""homeMoneyline"":-240,""awayMoneyline"":170},{""provider"":""BetMGM"",""spread"":-6.0,""formattedSpread"":""Buffalo -6.0"",""overUnder"":42.5,""homeMoneyline"":null,""awayMoneyline"":null},{""provider"":""Bovada"",""spread"":-6.0,""formattedSpread"":""Buffalo -6.0"",""overUnder"":42.5,""homeMoneyline"":-230,""awayMoneyline"":190},{""provider"":""Bally Bet"",""spread"":-6.5,""formattedSpread"":""Buffalo -6.5"",""overUnder"":42.0,""homeMoneyline"":-240,""awayMoneyline"":190},{""provider"":""BetRivers"",""spread"":-6.5,""formattedSpread"":""Buffalo -6.5"",""overUnder"":42.0,""homeMoneyline"":-240,""awayMoneyline"":188},{""provider"":""betPARX"",""spread"":-6.5,""formattedSpread"":""Buffalo -6.5"",""overUnder"":42.0,""homeMoneyline"":-240,""awayMoneyline"":190},{""provider"":""BetAnySports"",""spread"":-6.5,""formattedSpread"":""Buffalo -6.5"",""overUnder"":42.0,""homeMoneyline"":null,""awayMoneyline"":null},{""provider"":""ESPN BET"",""spread"":-6.5,""formattedSpread"":""Buffalo -6.5"",""overUnder"":42.5,""homeMoneyline"":null,""awayMoneyline"":null},{""provider"":""BetUS"",""spread"":-6.5,""formattedSpread"":""Buffalo -6.5"",""overUnder"":42.5,""homeMoneyline"":null,""awayMoneyline"":null},{""provider"":""Hard Rock Bet"",""spread"":-6.5,""formattedSpread"":""Buffalo -6.5"",""overUnder"":42.5,""homeMoneyline"":-275,""awayMoneyline"":200}]"
2025,4,Charlotte,Rice,"[{""provider"":""FanDuel"",""spread"":2.5,""formattedSpread"":""Charlotte +2.5"",""overUnder"":42.5,""homeMoneyline"":118,""awayMoneyline"":-142},{""provider"":""Fliff"",""spread"":2.5,""formattedSpread"":""Charlotte +2.5"",""overUnder"":42.5,""homeMoneyline"":110,""awayMoneyline"":-155},{""provider"":""ESPN BET"",""spread"":2.5,""formattedSpread"":""Charlotte +2.5"",""overUnder"":42.5,""homeMoneyline"":null,""awayMoneyline"":null},{""provider"":""BetRivers"",""spread"":3.0,""formattedSpread"":""Charlotte +3.0"",""overUnder"":42.0,""homeMoneyline"":120,""awayMoneyline"":-155},{""provider"":""Bally Bet"",""spread"":3.0,""formattedSpread"":""Charlotte +3.0"",""overUnder"":42.0,""homeMoneyline"":128,""awayMoneyline"":-155},{""provider"":""betPARX"",""spread"":3.0,""formattedSpread"":""Charlotte +3.0"",""overUnder"":42.0,""homeMoneyline"":128,""awayMoneyline"":-155},{""provider"":""DraftKings"",""spread"":2.5,""formattedSpread"":""Charlotte +2.5"",""overUnder"":42.5,""homeMoneyline"":114,""awayMoneyline"":-135},{""provider"":""MyBookie.ag"",""spread"":2.5,""formattedSpread"":""Charlotte +2.5"",""overUnder"":42.5,""homeMoneyline"":117,""awayMoneyline"":-144},{""provider"":""BetOnline.ag"",""spread"":3.0,""formattedSpread"":""Charlotte +3.0"",""overUnder"":42.5,""homeMoneyline"":115,""awayMoneyline"":-135},{""provider"":""LowVig.ag"",""spread"":3.0,""formattedSpread"":""Charlotte +3.0"",""overUnder"":42.5,""homeMoneyline"":115,""awayMoneyline"":-135},{""provider"":""Hard Rock Bet"",""spread"":2.5,""formattedSpread"":""Charlotte +2.5"",""overUnder"":42.5,""homeMoneyline"":115,""awayMoneyline"":-135},{""provider"":""BetUS"",""spread"":3.0,""formattedSpread"":""Charlotte +3.0"",""overUnder"":42.5,""homeMoneyline"":115,""awayMoneyline"":-135},{""provider"":""BetMGM"",""spread"":3.0,""formattedSpread"":""Charlotte +3.0"",""overUnder"":42.5,""homeMoneyline"":null,""awayMoneyline"":null},{""provider"":""Bovada"",""spread"":2.5,""formattedSpread"":""Charlotte +2.5"",""overUnder"":42.5,""homeMoneyline"":110,""awayMoneyline"":-130},{""provider"":""BetAnySports"",""spread"":2.5,""formattedSpread"":""Charlotte +2.5"",""overUnder"":43.5,""homeMoneyline"":null,""awayMoneyline"":null}]"
2025,4,Clemson,Syracuse,"[{""provider"":""FanDuel"",""spread"":-17.5,""formattedSpread"":""Clemson -17.5"",""overUnder"":55.5,""homeMoneyline"":-780,""awayMoneyline"":530},{""provider"":""Fliff"",""spread"":-16.5,""formattedSpread"":""Clemson -16.5"",""overUnder"":56.0,""homeMoneyline"":-890,""awayMoneyline"":485},{""provider"":""DraftKings"",""spread"":-17.5,""formattedSpread"":""Clemson -17.5"",""overUnder"":55.5,""homeMoneyline"":-750,""awayMoneyline"":525},{""provider"":""MyBookie.ag"",""spread"":-17.0,""formattedSpread"":""Clemson -17.0"",""overUnder"":55.5,""homeMoneyline"":-865,""awayMoneyline"":550},{""provider"":""BetOnline.ag"",""spread"":-17.0,""formattedSpread"":""Clemson -17.0"",""overUnder"":55.0,""homeMoneyline"":null,""awayMoneyline"":null},{""provider"":""LowVig.ag"",""spread"":-17.0,""formattedSpread"":""Clemson -17.0"",""overUnder"":55.0,""homeMoneyline"":null,""awayMoneyline"":null},{""provider"":""Hard Rock Bet"",""spread"":-17.5,""formattedSpread"":""Clemson -17.5"",""overUnder"":55.5,""homeMoneyline"":-900,""awayMoneyline"":575},{""provider"":""BetMGM"",""spread"":-17.0,""formattedSpread"":""Clemson -17.0"",""overUnder"":55.5,""homeMoneyline"":-750,""awayMoneyline"":525},{""provider"":""Bovada"",""spread"":-17.0,""formattedSpread"":""Clemson -17.0"",""overUnder"":55.5,""homeMoneyline"":-850,""awayMoneyline"":550},{""provider"":""ESPN BET"",""spread"":-17.5,""formattedSpread"":""Clemson -17.5"",""overUnder"":55.5,""homeMoneyline"":null,""awayMoneyline"":null},{""provider"":""BetRivers"",""spread"":-17.0,""formattedSpread"":""Clemson -17.0"",""overUnder"":56.0,""homeMoneyline"":-715,""awayMoneyline"":480},{""provider"":""Bally Bet"",""spread"":-17.0,""formattedSpread"":""Clemson -17.0"",""overUnder"":56.0,""homeMoneyline"":-715,""awayMoneyline"":480},{""provider"":""betPARX"",""spread"":-17.0,""formattedSpread"":""Clemson -17.0"",""overUnder"":56.0,""homeMoneyline"":-715,""awayMoneyline"":480},{""provider"":""BetAnySports"",""spread"":-17.0,""formattedSpread"":""Clemson -17.0"",""overUnder"":55.5,""homeMoneyline"":null,""awayMoneyline"":null},{""provider"":""BetUS"",""spread"":-17.0,""formattedSpread"":""Clemson -17.0"",""overUnder"":55.0,""homeMoneyline"":null,""awayMoneyline"":null}]"
2025,4,Colorado,Wyoming,"[{""provider"":""FanDuel"",""spread"":-13.5,""formattedSpread"":""Colorado -13.5"",""overUnder"":44.5,""homeMoneyline"":-580,""awayMoneyline"":420},{""provider"":""Fliff"",""spread"":-12.5,""formattedSpread"":""Colorado -12.5"",""overUnder"":44.0,""homeMoneyline"":-585,""awayMoneyline"":360},{""provider"":""DraftKings"",""spread"":-12.5,""formattedSpread"":""Colorado -12.5"",""overUnder"":43.5,""homeMoneyline"":-470,""awayMoneyline"":360},{""provider"":""MyBookie.ag"",""spread"":-13.5,""formattedSpread"":""Colorado -13.5"",""overUnder"":44.0,""homeMoneyline"":-649,""awayMoneyline"":450},{""provider"":""Hard Rock Bet"",""spread"":-13.5,""formattedSpread"":""Colorado -13.5"",""overUnder"":44.5,""homeMoneyline"":-650,""awayMoneyline"":450},{""provider"":""BetOnline.ag"",""spread"":-13.0,""formattedSpread"":""Colorado -13.0"",""overUnder"":44.0,""homeMoneyline"":null,""awayMoneyline"":null},{""provider"":""LowVig.ag"",""spread"":-13.0,""formattedSpread"":""Colorado -13.0"",""overUnder"":44.0,""homeMoneyline"":null,""awayMoneyline"":null},{""provider"":""BetMGM"",""spread"":-13.5,""formattedSpread"":""Colorado -13.5"",""overUnder"":44.5,""homeMoneyline"":-500,""awayMoneyline"":375},{""provider"":""Bovada"",""spread"":-13.0,""formattedSpread"":""Colorado -13.0"",""overUnder"":44.0,""homeMoneyline"":-510,""awayMoneyline"":370},{""provider"":""BetAnySports"",""spread"":-13.0,""formattedSpread"":""Colorado -13.0"",""overUnder"":44.0,""homeMoneyline"":null,""awayMoneyline"":null},{""provider"":""Bally Bet"",""spread"":-13.5,""formattedSpread"":""Colorado -13.5"",""overUnder"":44.5,""homeMoneyline"":-590,""awayMoneyline"":410},{""provider"":""betPARX"",""spread"":-13.5,""formattedSpread"":""Colorado -13.5"",""overUnder"":44.5,""homeMoneyline"":-590,""awayMoneyline"":410},{""provider"":""BetRivers"",""spread"":-13.5,""formattedSpread"":""Colorado -13.5"",""overUnder"":44.5,""homeMoneyline"":-590,""awayMoneyline"":410},{""provider"":""ESPN BET"",""spread"":-12.5,""formattedSpread"":""Colorado -12.5"",""overUnder"":44.5,""homeMoneyline"":null,""awayMoneyline"":null},{""provider"":""BetUS"",""spread"":-13.0,""formattedSpread"":""Colorado -13.0"",""overUnder"":44.0,""homeMoneyline"":null,""awayMoneyline"":null}]"
2025,4,Colorado State,UTSA,"[{""provider"":""DraftKings"",""spread"":4.5,""formattedSpread"":""Colorado State +4.5"",""overUnder"":58.5,""homeMoneyline"":154,""awayMoneyline"":-185},{""provider"":""BetOnline.ag"",""spread"":4.5,""formattedSpread"":""Colorado State +4.5"",""overUnder"":59.5,""homeMoneyline"":null,""awayMoneyline"":null},{""provider"":""LowVig.ag"",""spread"":4.5,""formattedSpread"":""Colorado State +4.5"",""overUnder"":59.5,""homeMoneyline"":null,""awayMoneyline"":null},{""provider"":""FanDuel"",""spread"":4.5,""formattedSpread"":""Colorado State +4.5"",""overUnder"":59.5,""homeMoneyline"":146,""awayMoneyline"":-178},{""provider"":""MyBookie.ag"",""spread"":4.0,""formattedSpread"":""Colorado State +4.0"",""overUnder"":59.0,""homeMoneyline"":155,""awayMoneyline"":-192},{""provider"":""Fliff"",""spread"":4.5,""formattedSpread"":""Colorado State +4.5"",""overUnder"":59.0,""homeMoneyline"":140,""awayMoneyline"":-195},{""provider"":""BetMGM"",""spread"":4.5,""formattedSpread"":""Colorado State +4.5"",""overUnder"":59.5,""homeMoneyline"":null,""awayMoneyline"":null},{""provider"":""Bovada"",""spread"":null,""formattedSpread"":"""",""overUnder"":58.5,""homeMoneyline"":null,""awayMoneyline"":null},{""provider"":""BetAnySports"",""spread"":4.0,""formattedSpread"":""Colorado State +4.0"",""overUnder"":59.5,""homeMoneyline"":null,""awayMoneyline"":null},{""provider"":""betPARX"",""spread"":4.5,""formattedSpread"":""Colorado State +4.5"",""overUnder"":59.5,""homeMoneyline"":150,""awayMoneyline"":-182},{""provider"":""BetRivers"",""spread"":4.5,""formattedSpread"":""Colorado State +4.5"",""overUnder"":59.5,""homeMoneyline"":140,""awayMoneyline"":-182},{""provider"":""Bally Bet"",""spread"":4.5,""formattedSpread"":""Colorado State +4.5"",""overUnder"":59.5,""homeMoneyline"":150,""awayMoneyline"":-182},{""provider"":""ESPN BET"",""spread"":4.5,""formattedSpread"":""Colorado State +4.5"",""overUnder"":58.5,""homeMoneyline"":null,""awayMoneyline"":null},{""provider"":""BetUS"",""spread"":4.5,""formattedSpread"":""Colorado State +4.5"",""overUnder"":59.5,""homeMoneyline"":null,""awayMoneyline"":null},{""provider"":""Hard Rock Bet"",""spread"":4.5,""formattedSpread"":""Colorado State +4.5"",""overUnder"":59.5,""homeMoneyline"":160,""awayMoneyline"":-190}]"
2025,4,Duke,NC State,"[{""provider"":""DraftKings"",""spread"":-3.0,""formattedSpread"":""Duke -3.0"",""overUnder"":58.5,""homeMoneyline"":-148,""awayMoneyline"":124},{""provider"":""LowVig.ag"",""spread"":-3.0,""formattedSpread"":""Duke -3.0"",""overUnder"":59.0,""homeMoneyline"":null,""awayMoneyline"":null},{""provider"":""BetOnline.ag"",""spread"":-3.0,""formattedSpread"":""Duke -3.0"",""overUnder"":59.0,""homeMoneyline"":null,""awayMoneyline"":null},{""provider"":""FanDuel"",""spread"":-3.5,""formattedSpread"":""Duke -3.5"",""overUnder"":58.5,""homeMoneyline"":-162,""awayMoneyline"":134},{""provider"":""MyBookie.ag"",""spread"":-3.0,""formattedSpread"":""Duke -3.0"",""overUnder"":59.0,""homeMoneyline"":-155,""awayMoneyline"":126},{""provider"":""Fliff"",""spread"":-3.5,""formattedSpread"":""Duke -3.5"",""overUnder"":58.5,""homeMoneyline"":-155,""awayMoneyline"":110},{""provider"":""BetMGM"",""spread"":-3.0,""formattedSpread"":""Duke -3.0"",""overUnder"":59.5,""homeMoneyline"":-145,""awayMoneyline"":120},{""provider"":""Bovada"",""spread"":-3.5,""formattedSpread"":""Duke -3.5"",""overUnder"":58.0,""homeMoneyline"":-160,""awayMoneyline"":135},{""provider"":""ESPN BET"",""spread"":-3.5,""formattedSpread"":""Duke -3.5"",""overUnder"":58.5,""homeMoneyline"":null,""awayMoneyline"":null},{""provider"":""BetAnySports"",""spread"":-3.0,""formattedSpread"":""Duke -3.0"",""overUnder"":58.5,""homeMoneyline"":null,""awayMoneyline"":null},{""provider"":""Bally Bet"",""spread"":-3.0,""formattedSpread"":""Duke -3.0"",""overUnder"":59.0,""homeMoneyline"":-152,""awayMoneyline"":123},{""provider"":""betPARX"",""spread"":-3.0,""formattedSpread"":""Duke -3.0"",""overUnder"":59.0,""homeMoneyline"":-152,""awayMoneyline"":123},{""provider"":""BetRivers"",""spread"":-3.0,""formattedSpread"":""Duke -3.0"",""overUnder"":59.0,""homeMoneyline"":-152,""awayMoneyline"":123},{""provider"":""BetUS"",""spread"":-3.0,""formattedSpread"":""Duke -3.0"",""overUnder"":59.5,""homeMoneyline"":null,""awayMoneyline"":null},{""provider"":""Hard Rock Bet"",""spread"":-3.5,""formattedSpread"":""Duke -3.5"",""overUnder"":58.5,""homeMoneyline"":-150,""awayMoneyline"":130}]"
2025,4,East Carolina,BYU,"[{""provider"":""DraftKings"",""spread"":7.5,""formattedSpread"":""East Carolina +7.5"",""overUnder"":47.5,""homeMoneyline"":225,""awayMoneyline"":-278},{""provider"":""BetOnline.ag"",""spread"":7.0,""formattedSpread"":""East Carolina +7.0"",""overUnder"":48.0,""homeMoneyline"":null,""awayMoneyline"":null},{""provider"":""LowVig.ag"",""spread"":7.0,""formattedSpread"":""East Carolina +7.0"",""overUnder"":48.0,""homeMoneyline"":null,""awayMoneyline"":null},{""provider"":""FanDuel"",""spread"":7.5,""formattedSpread"":""East Carolina +7.5"",""overUnder"":48.5,""homeMoneyline"":235,""awayMoneyline"":-295},{""provider"":""Fliff"",""spread"":7.5,""formattedSpread"":""East Carolina +7.5"",""overUnder"":48.0,""homeMoneyline"":215,""awayMoneyline"":-310},{""provider"":""MyBookie.ag"",""spread"":7.5,""formattedSpread"":""East Carolina +7.5"",""overUnder"":48.0,""homeMoneyline"":255,""awayMoneyline"":-330},{""provider"":""BetMGM"",""spread"":7.0,""formattedSpread"":""East Carolina +7.0"",""overUnder"":48.5,""homeMoneyline"":220,""awayMoneyline"":-275},{""provider"":""Bovada"",""spread"":7.0,""formattedSpread"":""East Carolina +7.0"",""overUnder"":48.0,""homeMoneyline"":225,""awayMoneyline"":-275},{""provider"":""ESPN BET"",""spread"":7.5,""formattedSpread"":""East Carolina +7.5"",""overUnder"":49.5,""homeMoneyline"":null,""awayMoneyline"":null},{""provider"":""BetAnySports"",""spread"":7.5,""formattedSpread"":""East Carolina +7.5"",""overUnder"":48.0,""homeMoneyline"":null,""awayMoneyline"":null},{""provider"":""Bally Bet"",""spread"":7.5,""formattedSpread"":""East Carolina +7.5"",""overUnder"":49.0,""homeMoneyline"":225,""awayMoneyline"":-286},{""provider"":""betPARX"",""spread"":7.5,""formattedSpread"":""East Carolina +7.5"",""overUnder"":49.0,""homeMoneyline"":225,""awayMoneyline"":-286},{""provider"":""BetRivers"",""spread"":7.5,""formattedSpread"":""East Carolina +7.5"",""overUnder"":49.0,""homeMoneyline"":220,""awayMoneyline"":-286},{""provider"":""BetUS"",""spread"":7.5,""formattedSpread"":""East Carolina +7.5"",""overUnder"":48.0,""homeMoneyline"":null,""awayMoneyline"":null},{""provider"":""Hard Rock Bet"",""spread"":7.5,""formattedSpread"":""East Carolina +7.5"",""overUnder"":48.5,""homeMoneyline"":250,""awayMoneyline"":-325}]"
2025,4,Eastern Michigan,Louisiana,"[{""provider"":""DraftKings"",""spread"":2.5,""formattedSpread"":""Eastern Michigan +2.5"",""overUnder"":52.5,""homeMoneyline"":120,""awayMoneyline"":-142},{""provider"":""BetOnline.ag"",""spread"":3.0,""formattedSpread"":""Eastern Michigan +3.0"",""overUnder"":53.0,""homeMoneyline"":null,""awayMoneyline"":null},{""provider"":""LowVig.ag"",""spread"":3.0,""formattedSpread"":""Eastern Michigan +3.0"",""overUnder"":53.0,""homeMoneyline"":null,""awayMoneyline"":null},{""provider"":""FanDuel"",""spread"":2.5,""formattedSpread"":""Eastern Michigan +2.5"",""overUnder"":52.5,""homeMoneyline"":112,""awayMoneyline"":-134},{""provider"":""MyBookie.ag"",""spread"":3.0,""formattedSpread"":""Eastern Michigan +3.0"",""overUnder"":52.5,""homeMoneyline"":123,""awayMoneyline"":-151},{""provider"":""Fliff"",""spread"":2.5,""formattedSpread"":""Eastern Michigan +2.5"",""overUnder"":52.5,""homeMoneyline"":125,""awayMoneyline"":-175},{""provider"":""Bovada"",""spread"":3.0,""formattedSpread"":""Eastern Michigan +3.0"",""overUnder"":52.0,""homeMoneyline"":125,""awayMoneyline"":-145},{""provider"":""BetAnySports"",""spread"":2.5,""formattedSpread"":""Eastern Michigan +2.5"",""overUnder"":52.5,""homeMoneyline"":null,""awayMoneyline"":null},{""provider"":""Bally Bet"",""spread"":3.0,""formattedSpread"":""Eastern Michigan +3.0"",""overUnder"":52.0,""homeMoneyline"":118,""awayMoneyline"":-143},{""provider"":""betPARX"",""spread"":3.0,""formattedSpread"":""Eastern Michigan +3.0"",""overUnder"":52.0,""homeMoneyline"":118,""awayMoneyline"":-143},{""provider"":""BetRivers"",""spread"":3.0,""formattedSpread"":""Eastern Michigan +3.0"",""overUnder"":52.0,""homeMoneyline"":116,""awayMoneyline"":-143},{""provider"":""ESPN BET"",""spread"":2.5,""formattedSpread"":""Eastern Michigan +2.5"",""overUnder"":52.5,""homeMoneyline"":null,""awayMoneyline"":null},{""provider"":""BetMGM"",""spread"":3.0,""formattedSpread"":""Eastern Michigan +3.0"",""overUnder"":52.5,""homeMoneyline"":null,""awayMoneyline"":null},{""provider"":""BetUS"",""spread"":2.5,""formattedSpread"":""Eastern Michigan +2.5"",""overUnder"":52.5,""homeMoneyline"":null,""awayMoneyline"":null},{""provider"":""Hard Rock Bet"",""spread"":2.5,""formattedSpread"":""Eastern Michigan +2.5"",""overUnder"":52.5,""homeMoneyline"":120,""awayMoneyline"":-140}]"
2025,4,Florida International,Delaware,"[{""provider"":""DraftKings"",""spread"":-6.0,""formattedSpread"":""Florida International -6.0"",""overUnder"":54.5,""homeMoneyline"":-238,""awayMoneyline"":195},{""provider"":""BetOnline.ag"",""spread"":-6.0,""formattedSpread"":""Florida International -6.0"",""overUnder"":55.0,""homeMoneyline"":null,""awayMoneyline"":null},{""provider"":""LowVig.ag"",""spread"":-6.0,""formattedSpread"":""Florida International -6.0"",""overUnder"":55.0,""homeMoneyline"":null,""awayMoneyline"":null},{""provider"":""FanDuel"",""spread"":-5.5,""formattedSpread"":""Florida International -5.5"",""overUnder"":54.5,""homeMoneyline"":-205,""awayMoneyline"":168},{""provider"":""Fliff"",""spread"":-5.5,""formattedSpread"":""Florida International -5.5"",""overUnder"":54.5,""homeMoneyline"":-250,""awayMoneyline"":175},{""provider"":""MyBookie.ag"",""spread"":-6.5,""formattedSpread"":""Florida International -6.5"",""overUnder"":54.5,""homeMoneyline"":-207,""awayMoneyline"":164},{""provider"":""BetMGM"",""spread"":-5.5,""formattedSpread"":""Florida International -5.5"",""overUnder"":54.5,""homeMoneyline"":null,""awayMoneyline"":null},{""provider"":""Bovada"",""spread"":-6.0,""formattedSpread"":""Florida International -6.0"",""overUnder"":54.5,""homeMoneyline"":-230,""awayMoneyline"":190},{""provider"":""BetAnySports"",""spread"":-6.0,""formattedSpread"":""Florida International -6.0"",""overUnder"":54.5,""homeMoneyline"":null,""awayMoneyline"":null},{""provider"":""Bally Bet"",""spread"":-6.0,""formattedSpread"":""Florida International -6.0"",""overUnder"":54.5,""homeMoneyline"":-220,""awayMoneyline"":165},{""provider"":""betPARX"",""spread"":-6.0,""formattedSpread"":""Florida International -6.0"",""overUnder"":54.5,""homeMoneyline"":-220,""awayMoneyline"":165},{""provider"":""BetRivers"",""spread"":-6.0,""formattedSpread"":""Florida International -6.0"",""overUnder"":54.5,""homeMoneyline"":-220,""awayMoneyline"":163},{""provider"":""BetUS"",""spread"":-6.5,""formattedSpread"":""Florida International -6.5"",""overUnder"":54.5,""homeMoneyline"":null,""awayMoneyline"":null},{""provider"":""Hard Rock Bet"",""spread"":-6.5,""formattedSpread"":""Florida International -6.5"",""overUnder"":54.5,""homeMoneyline"":-225,""awayMoneyline"":175}]"
2025,4,Florida State,Kent State,"[{""provider"":""FanDuel"",""spread"":-45.5,""formattedSpread"":""Florida State -45.5"",""overUnder"":55.5,""homeMoneyline"":null,""awayMoneyline"":null},{""provider"":""DraftKings"",""spread"":-45.5,""formattedSpread"":""Florida State -45.5"",""overUnder"":55.5,""homeMoneyline"":null,""awayMoneyline"":null},{""provider"":""LowVig.ag"",""spread"":-46.0,""formattedSpread"":""Florida State -46.0"",""overUnder"":55.5,""homeMoneyline"":null,""awayMoneyline"":null},{""provider"":""BetOnline.ag"",""spread"":-46.0,""formattedSpread"":""Florida State -46.0"",""overUnder"":55.5,""homeMoneyline"":null,""awayMoneyline"":null},{""provider"":""BetMGM"",""spread"":-45.5,""formattedSpread"":""Florida State -45.5"",""overUnder"":55.5,""homeMoneyline"":null,""awayMoneyline"":null},{""provider"":""Bovada"",""spread"":-44.5,""formattedSpread"":""Florida State -44.5"",""overUnder"":55.5,""homeMoneyline"":null,""awayMoneyline"":null},{""provider"":""ESPN BET"",""spread"":-44.5,""formattedSpread"":""Florida State -44.5"",""overUnder"":55.5,""homeMoneyline"":null,""awayMoneyline"":null},{""provider"":""Fliff"",""spread"":-45.5,""formattedSpread"":""Florida State -45.5"",""overUnder"":56.0,""homeMoneyline"":null,""awayMoneyline"":null},{""provider"":""BetAnySports"",""spread"":-46.0,""formattedSpread"":""Florida State -46.0"",""overUnder"":55.0,""homeMoneyline"":null,""awayMoneyline"":null},{""provider"":""betPARX"",""spread"":-45.5,""formattedSpread"":""Florida State -45.5"",""overUnder"":56.0,""homeMoneyline"":null,""awayMoneyline"":null},{""provider"":""Bally Bet"",""spread"":-45.5,""formattedSpread"":""Florida State -45.5"",""overUnder"":56.0,""homeMoneyline"":null,""awayMoneyline"":null},{""provider"":""BetRivers"",""spread"":-45.5,""formattedSpread"":""Florida State -45.5"",""overUnder"":56.0,""homeMoneyline"":null,""awayMoneyline"":null},{""provider"":""BetUS"",""spread"":-46.0,""formattedSpread"":""Florida State -46.0"",""overUnder"":55.5,""homeMoneyline"":null,""awayMoneyline"":null},{""provider"":""Hard Rock Bet"",""spread"":-46.5,""formattedSpread"":""Florida State -46.5"",""overUnder"":55.5,""homeMoneyline"":null,""awayMoneyline"":null}]"
2025,4,Georgia Tech,Temple,"[{""provider"":""FanDuel"",""spread"":-24.5,""formattedSpread"":""Georgia Tech -24.5"",""overUnder"":52.5,""homeMoneyline"":-2800,""awayMoneyline"":1160},{""provider"":""Fliff"",""spread"":-23.5,""formattedSpread"":""Georgia Tech -23.5"",""overUnder"":52.5,""homeMoneyline"":null,""awayMoneyline"":null},{""provider"":""BetRivers"",""spread"":-24.0,""formattedSpread"":""Georgia Tech -24.0"",""overUnder"":52.5,""homeMoneyline"":-3335,""awayMoneyline"":1100},{""provider"":""betPARX"",""spread"":-24.0,""formattedSpread"":""Georgia Tech -24.0"",""overUnder"":52.5,""homeMoneyline"":-3335,""awayMoneyline"":1100},{""provider"":""Bally Bet"",""spread"":-24.0,""formattedSpread"":""Georgia Tech -24.0"",""overUnder"":52.5,""homeMoneyline"":-3335,""awayMoneyline"":1100},{""provider"":""DraftKings"",""spread"":-23.5,""formattedSpread"":""Georgia Tech -23.5"",""overUnder"":52.5,""homeMoneyline"":-2800,""awayMoneyline"":1300},{""provider"":""MyBookie.ag"",""spread"":-24.0,""formattedSpread"":""Georgia Tech -24.0"",""overUnder"":52.5,""homeMoneyline"":-2273,""awayMoneyline"":980},{""provider"":""BetOnline.ag"",""spread"":-24.0,""formattedSpread"":""Georgia Tech -24.0"",""overUnder"":52.0,""homeMoneyline"":null,""awayMoneyline"":null},{""provider"":""LowVig.ag"",""spread"":-24.0,""formattedSpread"":""Georgia Tech -24.0"",""overUnder"":52.0,""homeMoneyline"":null,""awayMoneyline"":null},{""provider"":""Hard Rock Bet"",""spread"":-24.5,""formattedSpread"":""Georgia Tech -24.5"",""overUnder"":52.5,""homeMoneyline"":null,""awayMoneyline"":null},{""provider"":""BetMGM"",""spread"":-24.5,""formattedSpread"":""Georgia Tech -24.5"",""overUnder"":52.5,""homeMoneyline"":-3000,""awayMoneyline"":1200},{""provider"":""Bovada"",""spread"":-24.0,""formattedSpread"":""Georgia Tech -24.0"",""overUnder"":52.0,""homeMoneyline"":-2800,""awayMoneyline"":1100},{""provider"":""ESPN BET"",""spread"":-23.5,""formattedSpread"":""Georgia Tech -23.5"",""overUnder"":52.5,""homeMoneyline"":null,""awayMoneyline"":null},{""provider"":""BetAnySports"",""spread"":-24.0,""formattedSpread"":""Georgia Tech -24.0"",""overUnder"":52.5,""homeMoneyline"":null,""awayMoneyline"":null},{""provider"":""BetUS"",""spread"":-24.0,""formattedSpread"":""Georgia Tech -24.0"",""overUnder"":52.0,""homeMoneyline"":null,""awayMoneyline"":null}]"
2025,4,Hawai'i,Fresno State,"[{""provider"":""DraftKings"",""spread"":3.0,""formattedSpread"":""Hawai'i +3.0"",""overUnder"":47.5,""homeMoneyline"":124,""awayMoneyline"":-148},{""provider"":""FanDuel"",""spread"":2.5,""formattedSpread"":""Hawai'i +2.5"",""overUnder"":48.5,""homeMoneyline"":112,""awayMoneyline"":-134},{""provider"":""MyBookie.ag"",""spread"":3.0,""formattedSpread"":""Hawai'i +3.0"",""overUnder"":47.0,""homeMoneyline"":123,""awayMoneyline"":-151},{""provider"":""BetOnline.ag"",""spread"":3.0,""formattedSpread"":""Hawai'i +3.0"",""overUnder"":47.5,""homeMoneyline"":null,""awayMoneyline"":null},{""provider"":""LowVig.ag"",""spread"":3.0,""formattedSpread"":""Hawai'i +3.0"",""overUnder"":47.5,""homeMoneyline"":null,""awayMoneyline"":null},{""provider"":""Fliff"",""spread"":2.5,""formattedSpread"":""Hawai'i +2.5"",""overUnder"":47.5,""homeMoneyline"":120,""awayMoneyline"":-170},{""provider"":""BetMGM"",""spread"":3.0,""formattedSpread"":""Hawai'i +3.0"",""overUnder"":47.5,""homeMoneyline"":null,""awayMoneyline"":null},{""provider"":""Bovada"",""spread"":3.0,""formattedSpread"":""Hawai'i +3.0"",""overUnder"":47.0,""homeMoneyline"":130,""awayMoneyline"":-150},{""provider"":""BetAnySports"",""spread"":3.0,""formattedSpread"":""Hawai'i +3.0"",""overUnder"":47.5,""homeMoneyline"":null,""awayMoneyline"":null},{""provider"":""Bally Bet"",""spread"":3.0,""formattedSpread"":""Hawai'i +3.0"",""overUnder"":47.5,""homeMoneyline"":125,""awayMoneyline"":-152},{""provider"":""betPARX"",""spread"":3.0,""formattedSpread"":""Hawai'i +3.0"",""overUnder"":47.5,""homeMoneyline"":125,""awayMoneyline"":-152},{""provider"":""BetRivers"",""spread"":3.0,""formattedSpread"":""Hawai'i +3.0"",""overUnder"":47.5,""homeMoneyline"":123,""awayMoneyline"":-152},{""provider"":""BetUS"",""spread"":3.0,""formattedSpread"":""Hawai'i +3.0"",""overUnder"":47.5,""homeMoneyline"":null,""awayMoneyline"":null},{""provider"":""ESPN BET"",""spread"":2.5,""formattedSpread"":""Hawai'i +2.5"",""overUnder"":47.5,""homeMoneyline"":null,""awayMoneyline"":null},{""provider"":""Hard Rock Bet"",""spread"":2.5,""formattedSpread"":""Hawai'i +2.5"",""overUnder"":47.5,""homeMoneyline"":125,""awayMoneyline"":-145}]"
2025,4,Indiana,Illinois,"[{""provider"":""DraftKings"",""spread"":-4.0,""formattedSpread"":""Indiana -4.0"",""overUnder"":52.5,""homeMoneyline"":-192,""awayMoneyline"":160},{""provider"":""FanDuel"",""spread"":-4.5,""formattedSpread"":""Indiana -4.5"",""overUnder"":52.5,""homeMoneyline"":-188,""awayMoneyline"":155},{""provider"":""Fliff"",""spread"":-4.5,""formattedSpread"":""Indiana -4.5"",""overUnder"":52.5,""homeMoneyline"":-220,""awayMoneyline"":155},{""provider"":""MyBookie.ag"",""spread"":-4.5,""formattedSpread"":""Indiana -4.5"",""overUnder"":52.5,""homeMoneyline"":-199,""awayMoneyline"":160},{""provider"":""BetOnline.ag"",""spread"":-4.0,""formattedSpread"":""Indiana -4.0"",""overUnder"":52.5,""homeMoneyline"":null,""awayMoneyline"":null},{""provider"":""LowVig.ag"",""spread"":-4.0,""formattedSpread"":""Indiana -4.0"",""overUnder"":52.5,""homeMoneyline"":null,""awayMoneyline"":null},{""provider"":""BetMGM"",""spread"":-4.5,""formattedSpread"":""Indiana -4.5"",""overUnder"":52.5,""homeMoneyline"":-190,""awayMoneyline"":155},{""provider"":""Bovada"",""spread"":-4.0,""formattedSpread"":""Indiana -4.0"",""overUnder"":52.5,""homeMoneyline"":-195,""awayMoneyline"":165},{""provider"":""ESPN BET"",""spread"":-3.5,""formattedSpread"":""Indiana -3.5"",""overUnder"":52.5,""homeMoneyline"":null,""awayMoneyline"":null},{""provider"":""BetAnySports"",""spread"":-4.0,""formattedSpread"":""Indiana -4.0"",""overUnder"":52.5,""homeMoneyline"":null,""awayMoneyline"":null},{""provider"":""betPARX"",""spread"":-4.5,""formattedSpread"":""Indiana -4.5"",""overUnder"":52.5,""homeMoneyline"":-195,""awayMoneyline"":148},{""provider"":""Bally Bet"",""spread"":-4.5,""formattedSpread"":""Indiana -4.5"",""overUnder"":52.5,""homeMoneyline"":-195,""awayMoneyline"":148},{""provider"":""BetRivers"",""spread"":-4.5,""formattedSpread"":""Indiana -4.5"",""overUnder"":52.5,""homeMoneyline"":-195,""awayMoneyline"":148},{""provider"":""BetUS"",""spread"":-4.0,""formattedSpread"":""Indiana -4.0"",""overUnder"":52.5,""homeMoneyline"":null,""awayMoneyline"":null}]"
2025,4,Kansas,West Virginia,"[{""provider"":""FanDuel"",""spread"":-11.5,""formattedSpread"":""Kansas -11.5"",""overUnder"":54.5,""homeMoneyline"":-410,""awayMoneyline"":320},{""provider"":""Fliff"",""spread"":-11.5,""formattedSpread"":""Kansas -11.5"",""overUnder"":55.0,""homeMoneyline"":-490,""awayMoneyline"":315},{""provider"":""DraftKings"",""spread"":-11.5,""formattedSpread"":""Kansas -11.5"",""overUnder"":55.5,""homeMoneyline"":-410,""awayMoneyline"":320},{""provider"":""MyBookie.ag"",""spread"":-11.0,""formattedSpread"":""Kansas -11.0"",""overUnder"":55.0,""homeMoneyline"":-427,""awayMoneyline"":313},{""provider"":""Hard Rock Bet"",""spread"":-12.5,""formattedSpread"":""Kansas -12.5"",""overUnder"":55.5,""homeMoneyline"":-450,""awayMoneyline"":325},{""provider"":""LowVig.ag"",""spread"":-11.5,""formattedSpread"":""Kansas -11.5"",""overUnder"":55.0,""homeMoneyline"":null,""awayMoneyline"":null},{""provider"":""BetOnline.ag"",""spread"":-11.5,""formattedSpread"":""Kansas -11.5"",""overUnder"":55.0,""homeMoneyline"":null,""awayMoneyline"":null},{""provider"":""BetMGM"",""spread"":-11.5,""formattedSpread"":""Kansas -11.5"",""overUnder"":54.5,""homeMoneyline"":-425,""awayMoneyline"":325},{""provider"":""Bovada"",""spread"":-11.5,""formattedSpread"":""Kansas -11.5"",""overUnder"":55.5,""homeMoneyline"":-460,""awayMoneyline"":340},{""provider"":""BetAnySports"",""spread"":-11.5,""formattedSpread"":""Kansas -11.5"",""overUnder"":55.0,""homeMoneyline"":null,""awayMoneyline"":null},{""provider"":""Bally Bet"",""spread"":-11.5,""formattedSpread"":""Kansas -11.5"",""overUnder"":54.5,""homeMoneyline"":-400,""awayMoneyline"":300},{""provider"":""betPARX"",""spread"":-11.5,""formattedSpread"":""Kansas -11.5"",""overUnder"":54.5,""homeMoneyline"":-400,""awayMoneyline"":300},{""provider"":""BetRivers"",""spread"":-11.5,""formattedSpread"":""Kansas -11.5"",""overUnder"":54.5,""homeMoneyline"":-400,""awayMoneyline"":300},{""provider"":""ESPN BET"",""spread"":-11.5,""formattedSpread"":""Kansas -11.5"",""overUnder"":55.5,""homeMoneyline"":null,""awayMoneyline"":null},{""provider"":""BetUS"",""spread"":-11.5,""formattedSpread"":""Kansas -11.5"",""overUnder"":55.0,""homeMoneyline"":null,""awayMoneyline"":null}]"
2025,4,Kennesaw State,Arkansas State,"[{""provider"":""DraftKings"",""spread"":6.5,""formattedSpread"":""Kennesaw State +6.5"",""overUnder"":54.5,""homeMoneyline"":185,""awayMoneyline"":-225},{""provider"":""BetOnline.ag"",""spread"":6.5,""formattedSpread"":""Kennesaw State +6.5"",""overUnder"":54.5,""homeMoneyline"":null,""awayMoneyline"":null},{""provider"":""LowVig.ag"",""spread"":6.5,""formattedSpread"":""Kennesaw State +6.5"",""overUnder"":54.5,""homeMoneyline"":null,""awayMoneyline"":null},{""provider"":""FanDuel"",""spread"":6.5,""formattedSpread"":""Kennesaw State +6.5"",""overUnder"":54.5,""homeMoneyline"":195,""awayMoneyline"":-240},{""provider"":""Fliff"",""spread"":6.5,""formattedSpread"":""Kennesaw State +6.5"",""overUnder"":54.5,""homeMoneyline"":175,""awayMoneyline"":-250},{""provider"":""MyBookie.ag"",""spread"":6.5,""formattedSpread"":""Kennesaw State +6.5"",""overUnder"":54.5,""homeMoneyline"":200,""awayMoneyline"":-255},{""provider"":""BetMGM"",""spread"":6.5,""formattedSpread"":""Kennesaw State +6.5"",""overUnder"":54.5,""homeMoneyline"":null,""awayMoneyline"":null},{""provider"":""Bovada"",""spread"":6.5,""formattedSpread"":""Kennesaw State +6.5"",""overUnder"":54.5,""homeMoneyline"":200,""awayMoneyline"":-240},{""provider"":""BetAnySports"",""spread"":6.0,""formattedSpread"":""Kennesaw State +6.0"",""overUnder"":54.5,""homeMoneyline"":null,""awayMoneyline"":null},{""provider"":""Bally Bet"",""spread"":6.5,""formattedSpread"":""Kennesaw State +6.5"",""overUnder"":54.5,""homeMoneyline"":185,""awayMoneyline"":-230},{""provider"":""betPARX"",""spread"":6.5,""formattedSpread"":""Kennesaw State +6.5"",""overUnder"":54.5,""homeMoneyline"":185,""awayMoneyline"":-230},{""provider"":""BetRivers"",""spread"":6.5,""formattedSpread"":""Kennesaw State +6.5"",""overUnder"":54.5,""homeMoneyline"":170,""awayMoneyline"":-230},{""provider"":""ESPN BET"",""spread"":6.5,""formattedSpread"":""Kennesaw State +6.5"",""overUnder"":54.5,""homeMoneyline"":null,""awayMoneyline"":null},{""provider"":""BetUS"",""spread"":6.5,""formattedSpread"":""Kennesaw State +6.5"",""overUnder"":54.5,""homeMoneyline"":null,""awayMoneyline"":null},{""provider"":""Hard Rock Bet"",""spread"":6.5,""formattedSpread"":""Kennesaw State +6.5"",""overUnder"":54.5,""homeMoneyline"":195,""awayMoneyline"":-260}]"
2025,4,Liberty,James Madison,"[{""provider"":""FanDuel"",""spread"":9.5,""formattedSpread"":""Liberty +9.5"",""overUnder"":48.5,""homeMoneyline"":260,""awayMoneyline"":-330},{""provider"":""Fliff"",""spread"":9.5,""formattedSpread"":""Liberty +9.5"",""overUnder"":49.0,""homeMoneyline"":255,""awayMoneyline"":-375},{""provider"":""DraftKings"",""spread"":9.5,""formattedSpread"":""Liberty +9.5"",""overUnder"":48.5,""homeMoneyline"":260,""awayMoneyline"":-325},{""provider"":""MyBookie.ag"",""spread"":9.5,""formattedSpread"":""Liberty +9.5"",""overUnder"":49.0,""homeMoneyline"":280,""awayMoneyline"":-370},{""provider"":""BetOnline.ag"",""spread"":9.5,""formattedSpread"":""Liberty +9.5"",""overUnder"":48.5,""homeMoneyline"":null,""awayMoneyline"":null},{""provider"":""LowVig.ag"",""spread"":9.5,""formattedSpread"":""Liberty +9.5"",""overUnder"":48.5,""homeMoneyline"":null,""awayMoneyline"":null},{""provider"":""BetMGM"",""spread"":9.5,""formattedSpread"":""Liberty +9.5"",""overUnder"":49.5,""homeMoneyline"":null,""awayMoneyline"":null},{""provider"":""Bovada"",""spread"":10.0,""formattedSpread"":""Liberty +10.0"",""overUnder"":49.0,""homeMoneyline"":290,""awayMoneyline"":-380},{""provider"":""Bally Bet"",""spread"":9.5,""formattedSpread"":""Liberty +9.5"",""overUnder"":49.0,""homeMoneyline"":260,""awayMoneyline"":-335},{""provider"":""betPARX"",""spread"":9.5,""formattedSpread"":""Liberty +9.5"",""overUnder"":49.0,""homeMoneyline"":260,""awayMoneyline"":-335},{""provider"":""BetRivers"",""spread"":9.5,""formattedSpread"":""Liberty +9.5"",""overUnder"":49.0,""homeMoneyline"":260,""awayMoneyline"":-345},{""provider"":""BetAnySports"",""spread"":9.5,""formattedSpread"":""Liberty +9.5"",""overUnder"":49.0,""homeMoneyline"":null,""awayMoneyline"":null},{""provider"":""ESPN BET"",""spread"":9.5,""formattedSpread"":""Liberty +9.5"",""overUnder"":49.5,""homeMoneyline"":null,""awayMoneyline"":null},{""provider"":""BetUS"",""spread"":9.5,""formattedSpread"":""Liberty +9.5"",""overUnder"":49.5,""homeMoneyline"":null,""awayMoneyline"":null}]"
2025,4,Louisiana Tech,Southern Miss,"[{""provider"":""DraftKings"",""spread"":-3.0,""formattedSpread"":""Louisiana Tech -3.0"",""overUnder"":51.5,""homeMoneyline"":-148,""awayMoneyline"":124},{""provider"":""LowVig.ag"",""spread"":-2.5,""formattedSpread"":""Louisiana Tech -2.5"",""overUnder"":51.5,""homeMoneyline"":null,""awayMoneyline"":null},{""provider"":""BetOnline.ag"",""spread"":-2.5,""formattedSpread"":""Louisiana Tech -2.5"",""overUnder"":51.5,""homeMoneyline"":null,""awayMoneyline"":null},{""provider"":""FanDuel"",""spread"":-3.5,""formattedSpread"":""Louisiana Tech -3.5"",""overUnder"":51.5,""homeMoneyline"":-142,""awayMoneyline"":118},{""provider"":""MyBookie.ag"",""spread"":-2.5,""formattedSpread"":""Louisiana Tech -2.5"",""overUnder"":51.0,""homeMoneyline"":-147,""awayMoneyline"":119},{""provider"":""Fliff"",""spread"":-2.5,""formattedSpread"":""Louisiana Tech -2.5"",""overUnder"":51.0,""homeMoneyline"":-165,""awayMoneyline"":120},{""provider"":""BetMGM"",""spread"":-3.0,""formattedSpread"":""Louisiana Tech -3.0"",""overUnder"":51.5,""homeMoneyline"":null,""awayMoneyline"":null},{""provider"":""Bovada"",""spread"":-2.5,""formattedSpread"":""Louisiana Tech -2.5"",""overUnder"":51.0,""homeMoneyline"":-140,""awayMoneyline"":120},{""provider"":""BetAnySports"",""spread"":-2.5,""formattedSpread"":""Louisiana Tech -2.5"",""overUnder"":51.0,""homeMoneyline"":null,""awayMoneyline"":null},{""provider"":""betPARX"",""spread"":-3.0,""formattedSpread"":""Louisiana Tech -3.0"",""overUnder"":51.0,""homeMoneyline"":-155,""awayMoneyline"":125},{""provider"":""Bally Bet"",""spread"":-3.0,""formattedSpread"":""Louisiana Tech -3.0"",""overUnder"":51.0,""homeMoneyline"":-155,""awayMoneyline"":125},{""provider"":""BetRivers"",""spread"":-3.0,""formattedSpread"":""Louisiana Tech -3.0"",""overUnder"":51.0,""homeMoneyline"":-155,""awayMoneyline"":125},{""provider"":""ESPN BET"",""spread"":-2.5,""formattedSpread"":""Louisiana Tech -2.5"",""overUnder"":51.5,""homeMoneyline"":null,""awayMoneyline"":null},{""provider"":""BetUS"",""spread"":-3.0,""formattedSpread"":""Louisiana Tech -3.0"",""overUnder"":51.0,""homeMoneyline"":null,""awayMoneyline"":null},{""provider"":""Hard Rock Bet"",""spread"":-2.5,""formattedSpread"":""Louisiana Tech -2.5"",""overUnder"":51.5,""homeMoneyline"":-145,""awayMoneyline"":125}]"
2025,4,Louisville,Bowling Green,"[{""provider"":""FanDuel"",""spread"":-26.5,""formattedSpread"":""Louisville -26.5"",""overUnder"":51.5,""homeMoneyline"":-4500,""awayMoneyline"":1600},{""provider"":""betPARX"",""spread"":-27.0,""formattedSpread"":""Louisville -27.0"",""overUnder"":52.0,""homeMoneyline"":-10000,""awayMoneyline"":1700},{""provider"":""BetRivers"",""spread"":-27.0,""formattedSpread"":""Louisville -27.0"",""overUnder"":52.0,""homeMoneyline"":-10000,""awayMoneyline"":1400},{""provider"":""Bally Bet"",""spread"":-27.0,""formattedSpread"":""Louisville -27.0"",""overUnder"":52.0,""homeMoneyline"":-10000,""awayMoneyline"":1700},{""provider"":""Fliff"",""spread"":-26.5,""formattedSpread"":""Louisville -26.5"",""overUnder"":52.0,""homeMoneyline"":null,""awayMoneyline"":null},{""provider"":""DraftKings"",""spread"":-26.5,""formattedSpread"":""Louisville -26.5"",""overUnder"":52.5,""homeMoneyline"":-4000,""awayMoneyline"":1600},{""provider"":""MyBookie.ag"",""spread"":-26.5,""formattedSpread"":""Louisville -26.5"",""overUnder"":52.0,""homeMoneyline"":-4000,""awayMoneyline"":1200},{""provider"":""BetOnline.ag"",""spread"":-26.0,""formattedSpread"":""Louisville -26.0"",""overUnder"":52.5,""homeMoneyline"":null,""awayMoneyline"":null},{""provider"":""LowVig.ag"",""spread"":-26.0,""formattedSpread"":""Louisville -26.0"",""overUnder"":52.5,""homeMoneyline"":null,""awayMoneyline"":null},{""provider"":""Hard Rock Bet"",""spread"":-27.5,""formattedSpread"":""Louisville -27.5"",""overUnder"":51.5,""homeMoneyline"":null,""awayMoneyline"":null},{""provider"":""BetMGM"",""spread"":-26.5,""formattedSpread"":""Louisville -26.5"",""overUnder"":51.5,""homeMoneyline"":-5000,""awayMoneyline"":1400},{""provider"":""Bovada"",""spread"":-26.5,""formattedSpread"":""Louisville -26.5"",""overUnder"":52.5,""homeMoneyline"":null,""awayMoneyline"":null},{""provider"":""ESPN BET"",""spread"":-26.5,""formattedSpread"":""Louisville -26.5"",""overUnder"":52.5,""homeMoneyline"":null,""awayMoneyline"":null},{""provider"":""BetAnySports"",""spread"":-26.0,""formattedSpread"":""Louisville -26.0"",""overUnder"":52.0,""homeMoneyline"":null,""awayMoneyline"":null},{""provider"":""BetUS"",""spread"":-26.0,""formattedSpread"":""Louisville -26.0"",""overUnder"":52.5,""homeMoneyline"":null,""awayMoneyline"":null}]"
2025,4,Memphis,Arkansas,"[{""provider"":""FanDuel"",""spread"":6.5,""formattedSpread"":""Memphis +6.5"",""overUnder"":62.5,""homeMoneyline"":190,""awayMoneyline"":-235},{""provider"":""Fliff"",""spread"":6.5,""formattedSpread"":""Memphis +6.5"",""overUnder"":62.0,""homeMoneyline"":185,""awayMoneyline"":-265},{""provider"":""BetRivers"",""spread"":6.5,""formattedSpread"":""Memphis +6.5"",""overUnder"":62.0,""homeMoneyline"":170,""awayMoneyline"":-220},{""provider"":""Bally Bet"",""spread"":7.0,""formattedSpread"":""Memphis +7.0"",""overUnder"":62.0,""homeMoneyline"":175,""awayMoneyline"":-215},{""provider"":""betPARX"",""spread"":7.0,""formattedSpread"":""Memphis +7.0"",""overUnder"":62.0,""homeMoneyline"":175,""awayMoneyline"":-215},{""provider"":""MyBookie.ag"",""spread"":6.5,""formattedSpread"":""Memphis +6.5"",""overUnder"":62.5,""homeMoneyline"":196,""awayMoneyline"":-248},{""provider"":""DraftKings"",""spread"":6.5,""formattedSpread"":""Memphis +6.5"",""overUnder"":62.5,""homeMoneyline"":195,""awayMoneyline"":-238},{""provider"":""Hard Rock Bet"",""spread"":6.5,""formattedSpread"":""Memphis +6.5"",""overUnder"":62.5,""homeMoneyline"":190,""awayMoneyline"":-250},{""provider"":""BetOnline.ag"",""spread"":7.0,""formattedSpread"":""Memphis +7.0"",""overUnder"":62.5,""homeMoneyline"":null,""awayMoneyline"":null},{""provider"":""LowVig.ag"",""spread"":7.0,""formattedSpread"":""Memphis +7.0"",""overUnder"":62.5,""homeMoneyline"":null,""awayMoneyline"":null},{""provider"":""ESPN BET"",""spread"":6.5,""formattedSpread"":""Memphis +6.5"",""overUnder"":62.5,""homeMoneyline"":null,""awayMoneyline"":null},{""provider"":""BetMGM"",""spread"":6.5,""formattedSpread"":""Memphis +6.5"",""overUnder"":62.5,""homeMoneyline"":200,""awayMoneyline"":-250},{""provider"":""Bovada"",""spread"":6.5,""formattedSpread"":""Memphis +6.5"",""overUnder"":62.5,""homeMoneyline"":195,""awayMoneyline"":-235},{""provider"":""BetAnySports"",""spread"":6.5,""formattedSpread"":""Memphis +6.5"",""overUnder"":62.5,""homeMoneyline"":null,""awayMoneyline"":null},{""provider"":""BetUS"",""spread"":7.0,""formattedSpread"":""Memphis +7.0"",""overUnder"":62.5,""homeMoneyline"":null,""awayMoneyline"":null}]"
2025,4,Miami,Florida,"[{""provider"":""DraftKings"",""spread"":-7.5,""formattedSpread"":""Miami -7.5"",""overUnder"":52.5,""homeMoneyline"":-305,""awayMoneyline"":245},{""provider"":""LowVig.ag"",""spread"":-7.5,""formattedSpread"":""Miami -7.5"",""overUnder"":52.5,""homeMoneyline"":null,""awayMoneyline"":null},{""provider"":""BetOnline.ag"",""spread"":-7.5,""formattedSpread"":""Miami -7.5"",""overUnder"":52.5,""homeMoneyline"":null,""awayMoneyline"":null},{""provider"":""FanDuel"",""spread"":-7.5,""formattedSpread"":""Miami -7.5"",""overUnder"":52.5,""homeMoneyline"":-285,""awayMoneyline"":230},{""provider"":""MyBookie.ag"",""spread"":null,""formattedSpread"":"""",""overUnder"":52.5,""homeMoneyline"":-330,""awayMoneyline"":255},{""provider"":""ESPN BET"",""spread"":-7.5,""formattedSpread"":""Miami -7.5"",""overUnder"":52.5,""homeMoneyline"":null,""awayMoneyline"":null},{""provider"":""Fliff"",""spread"":-7.5,""formattedSpread"":""Miami -7.5"",""overUnder"":52.0,""homeMoneyline"":-345,""awayMoneyline"":235},{""provider"":""BetMGM"",""spread"":-7.5,""formattedSpread"":""Miami -7.5"",""overUnder"":52.5,""homeMoneyline"":-300,""awayMoneyline"":240},{""provider"":""Bovada"",""spread"":-7.5,""formattedSpread"":""Miami -7.5"",""overUnder"":52.0,""homeMoneyline"":-310,""awayMoneyline"":255},{""provider"":""BetAnySports"",""spread"":-7.5,""formattedSpread"":""Miami -7.5"",""overUnder"":52.0,""homeMoneyline"":null,""awayMoneyline"":null},{""provider"":""Hard Rock Bet"",""spread"":-8.5,""formattedSpread"":""Miami -8.5"",""overUnder"":52.5,""homeMoneyline"":-325,""awayMoneyline"":250},{""provider"":""betPARX"",""spread"":-7.5,""formattedSpread"":""Miami -7.5"",""overUnder"":52.0,""homeMoneyline"":-305,""awayMoneyline"":245},{""provider"":""Bally Bet"",""spread"":-7.5,""formattedSpread"":""Miami -7.5"",""overUnder"":52.0,""homeMoneyline"":-305,""awayMoneyline"":245},{""provider"":""BetRivers"",""spread"":-7.5,""formattedSpread"":""Miami -7.5"",""overUnder"":52.0,""homeMoneyline"":-305,""awayMoneyline"":235},{""provider"":""BetUS"",""spread"":-7.5,""formattedSpread"":""Miami -7.5"",""overUnder"":52.0,""homeMoneyline"":null,""awayMoneyline"":null}]"
2025,4,Middle Tennessee,Marshall,"[{""provider"":""DraftKings"",""spread"":3.0,""formattedSpread"":""Middle Tennessee +3.0"",""overUnder"":47.5,""homeMoneyline"":110,""awayMoneyline"":-130},{""provider"":""BetOnline.ag"",""spread"":2.0,""formattedSpread"":""Middle Tennessee +2.0"",""overUnder"":47.0,""homeMoneyline"":null,""awayMoneyline"":null},{""provider"":""LowVig.ag"",""spread"":2.0,""formattedSpread"":""Middle Tennessee +2.0"",""overUnder"":47.0,""homeMoneyline"":null,""awayMoneyline"":null},{""provider"":""FanDuel"",""spread"":2.5,""formattedSpread"":""Middle Tennessee +2.5"",""overUnder"":47.5,""homeMoneyline"":112,""awayMoneyline"":-134},{""provider"":""MyBookie.ag"",""spread"":2.5,""formattedSpread"":""Middle Tennessee +2.5"",""overUnder"":47.0,""homeMoneyline"":108,""awayMoneyline"":-132},{""provider"":""Fliff"",""spread"":2.5,""formattedSpread"":""Middle Tennessee +2.5"",""overUnder"":46.5,""homeMoneyline"":105,""awayMoneyline"":-145},{""provider"":""BetMGM"",""spread"":2.5,""formattedSpread"":""Middle Tennessee +2.5"",""overUnder"":46.5,""homeMoneyline"":null,""awayMoneyline"":null},{""provider"":""Bovada"",""spread"":2.5,""formattedSpread"":""Middle Tennessee +2.5"",""overUnder"":47.0,""homeMoneyline"":115,""awayMoneyline"":-135},{""provider"":""ESPN BET"",""spread"":2.5,""formattedSpread"":""Middle Tennessee +2.5"",""overUnder"":47.5,""homeMoneyline"":null,""awayMoneyline"":null},{""provider"":""BetAnySports"",""spread"":2.5,""formattedSpread"":""Middle Tennessee +2.5"",""overUnder"":47.5,""homeMoneyline"":null,""awayMoneyline"":null},{""provider"":""Bally Bet"",""spread"":3.0,""formattedSpread"":""Middle Tennessee +3.0"",""overUnder"":47.0,""homeMoneyline"":110,""awayMoneyline"":-132},{""provider"":""betPARX"",""spread"":3.0,""formattedSpread"":""Middle Tennessee +3.0"",""overUnder"":47.0,""homeMoneyline"":110,""awayMoneyline"":-132},{""provider"":""BetRivers"",""spread"":3.0,""formattedSpread"":""Middle Tennessee +3.0"",""overUnder"":47.0,""homeMoneyline"":110,""awayMoneyline"":-148},{""provider"":""BetUS"",""spread"":2.0,""formattedSpread"":""Middle Tennessee +2.0"",""overUnder"":47.0,""homeMoneyline"":null,""awayMoneyline"":null},{""provider"":""Hard Rock Bet"",""spread"":2.5,""formattedSpread"":""Middle Tennessee +2.5"",""overUnder"":47.5,""homeMoneyline"":110,""awayMoneyline"":-130}]"
2025,4,Mississippi State,Northern Illinois,"[{""provider"":""DraftKings"",""spread"":-21.5,""formattedSpread"":""Mississippi State -21.5"",""overUnder"":49.5,""homeMoneyline"":-2100,""awayMoneyline"":1100},{""provider"":""LowVig.ag"",""spread"":-21.5,""formattedSpread"":""Mississippi State -21.5"",""overUnder"":50.0,""homeMoneyline"":null,""awayMoneyline"":null},{""provider"":""BetOnline.ag"",""spread"":-21.5,""formattedSpread"":""Mississippi State -21.5"",""overUnder"":50.0,""homeMoneyline"":null,""awayMoneyline"":null},{""provider"":""FanDuel"",""spread"":-22.5,""formattedSpread"":""Mississippi State -22.5"",""overUnder"":49.5,""homeMoneyline"":-2800,""awayMoneyline"":1160},{""provider"":""MyBookie.ag"",""spread"":-22.0,""formattedSpread"":""Mississippi State -22.0"",""overUnder"":49.5,""homeMoneyline"":-1887,""awayMoneyline"":890},{""provider"":""Fliff"",""spread"":-21.5,""formattedSpread"":""Mississippi State -21.5"",""overUnder"":49.5,""homeMoneyline"":-4120,""awayMoneyline"":970},{""provider"":""BetMGM"",""spread"":-21.5,""formattedSpread"":""Mississippi State -21.5"",""overUnder"":49.5,""homeMoneyline"":-2000,""awayMoneyline"":1000},{""provider"":""Bovada"",""spread"":-21.5,""formattedSpread"":""Mississippi State -21.5"",""overUnder"":50.0,""homeMoneyline"":-2000,""awayMoneyline"":950},{""provider"":""BetAnySports"",""spread"":-22.0,""formattedSpread"":""Mississippi State -22.0"",""overUnder"":49.5,""homeMoneyline"":null,""awayMoneyline"":null},{""provider"":""Bally Bet"",""spread"":-22.0,""formattedSpread"":""Mississippi State -22.0"",""overUnder"":49.5,""homeMoneyline"":-2500,""awayMoneyline"":1050},{""provider"":""betPARX"",""spread"":-22.0,""formattedSpread"":""Mississippi State -22.0"",""overUnder"":49.5,""homeMoneyline"":-2500,""awayMoneyline"":1050},{""provider"":""BetRivers"",""spread"":-22.0,""formattedSpread"":""Mississippi State -22.0"",""overUnder"":49.5,""homeMoneyline"":-2500,""awayMoneyline"":900},{""provider"":""ESPN BET"",""spread"":-21.5,""formattedSpread"":""Mississippi State -21.5"",""overUnder"":50.5,""homeMoneyline"":null,""awayMoneyline"":null},{""provider"":""BetUS"",""spread"":-22.0,""formattedSpread"":""Mississippi State -22.0"",""overUnder"":50.0,""homeMoneyline"":null,""awayMoneyline"":null}]"
2025,4,Missouri,South Carolina,"[{""provider"":""FanDuel"",""spread"":-12.5,""formattedSpread"":""Missouri -12.5"",""overUnder"":46.5,""homeMoneyline"":-550,""awayMoneyline"":400},{""provider"":""Fliff"",""spread"":-13.5,""formattedSpread"":""Missouri -13.5"",""overUnder"":46.5,""homeMoneyline"":-645,""awayMoneyline"":385},{""provider"":""DraftKings"",""spread"":-13.5,""formattedSpread"":""Missouri -13.5"",""overUnder"":46.5,""homeMoneyline"":-535,""awayMoneyline"":400},{""provider"":""MyBookie.ag"",""spread"":null,""formattedSpread"":"""",""overUnder"":46.5,""homeMoneyline"":-625,""awayMoneyline"":430},{""provider"":""LowVig.ag"",""spread"":-13.5,""formattedSpread"":""Missouri -13.5"",""overUnder"":46.5,""homeMoneyline"":null,""awayMoneyline"":null},{""provider"":""BetOnline.ag"",""spread"":-13.5,""formattedSpread"":""Missouri -13.5"",""overUnder"":46.5,""homeMoneyline"":null,""awayMoneyline"":null},{""provider"":""BetMGM"",""spread"":-13.5,""formattedSpread"":""Missouri -13.5"",""overUnder"":46.5,""homeMoneyline"":-550,""awayMoneyline"":400},{""provider"":""Bovada"",""spread"":-13.5,""formattedSpread"":""Missouri -13.5"",""overUnder"":46.5,""homeMoneyline"":-550,""awayMoneyline"":390},{""provider"":""ESPN BET"",""spread"":-13.5,""formattedSpread"":""Missouri -13.5"",""overUnder"":46.5,""homeMoneyline"":null,""awayMoneyline"":null},{""provider"":""BetAnySports"",""spread"":-13.0,""formattedSpread"":""Missouri -13.0"",""overUnder"":46.5,""homeMoneyline"":null,""awayMoneyline"":null},{""provider"":""betPARX"",""spread"":-13.0,""formattedSpread"":""Missouri -13.0"",""overUnder"":46.5,""homeMoneyline"":-530,""awayMoneyline"":380},{""provider"":""Bally Bet"",""spread"":-13.0,""formattedSpread"":""Missouri -13.0"",""overUnder"":46.5,""homeMoneyline"":-530,""awayMoneyline"":380},{""provider"":""BetRivers"",""spread"":-13.0,""formattedSpread"":""Missouri -13.0"",""overUnder"":46.5,""homeMoneyline"":-530,""awayMoneyline"":360},{""provider"":""BetUS"",""spread"":-13.5,""formattedSpread"":""Missouri -13.5"",""overUnder"":46.5,""homeMoneyline"":null,""awayMoneyline"":null}]"
2025,4,Nebraska,Michigan,"[{""provider"":""DraftKings"",""spread"":2.5,""formattedSpread"":""Nebraska +2.5"",""overUnder"":44.5,""homeMoneyline"":120,""awayMoneyline"":-142},{""provider"":""FanDuel"",""spread"":1.5,""formattedSpread"":""Nebraska +1.5"",""overUnder"":44.5,""homeMoneyline"":104,""awayMoneyline"":-125},{""provider"":""LowVig.ag"",""spread"":2.5,""formattedSpread"":""Nebraska +2.5"",""overUnder"":45.0,""homeMoneyline"":null,""awayMoneyline"":null},{""provider"":""BetOnline.ag"",""spread"":2.5,""formattedSpread"":""Nebraska +2.5"",""overUnder"":45.0,""homeMoneyline"":null,""awayMoneyline"":null},{""provider"":""Bally Bet"",""spread"":2.0,""formattedSpread"":""Nebraska +2.0"",""overUnder"":45.0,""homeMoneyline"":102,""awayMoneyline"":-124},{""provider"":""betPARX"",""spread"":2.0,""formattedSpread"":""Nebraska +2.0"",""overUnder"":45.0,""homeMoneyline"":102,""awayMoneyline"":-124},{""provider"":""BetRivers"",""spread"":2.0,""formattedSpread"":""Nebraska +2.0"",""overUnder"":45.0,""homeMoneyline"":100,""awayMoneyline"":-125},{""provider"":""MyBookie.ag"",""spread"":2.0,""formattedSpread"":""Nebraska +2.0"",""overUnder"":45.0,""homeMoneyline"":110,""awayMoneyline"":-134},{""provider"":""ESPN BET"",""spread"":2.5,""formattedSpread"":""Nebraska +2.5"",""overUnder"":44.5,""homeMoneyline"":null,""awayMoneyline"":null},{""provider"":""BetMGM"",""spread"":2.5,""formattedSpread"":""Nebraska +2.5"",""overUnder"":45.5,""homeMoneyline"":115,""awayMoneyline"":-135},{""provider"":""Fliff"",""spread"":2.5,""formattedSpread"":""Nebraska +2.5"",""overUnder"":45.0,""homeMoneyline"":110,""awayMoneyline"":-155},{""provider"":""Hard Rock Bet"",""spread"":2.5,""formattedSpread"":""Nebraska +2.5"",""overUnder"":44.5,""homeMoneyline"":110,""awayMoneyline"":-130},{""provider"":""Bovada"",""spread"":2.5,""formattedSpread"":""Nebraska +2.5"",""overUnder"":44.5,""homeMoneyline"":115,""awayMoneyline"":-135},{""provider"":""BetAnySports"",""spread"":2.5,""formattedSpread"":""Nebraska +2.5"",""overUnder"":45.5,""homeMoneyline"":null,""awayMoneyline"":null},{""provider"":""BetUS"",""spread"":2.5,""formattedSpread"":""Nebraska +2.5"",""overUnder"":45.0,""homeMoneyline"":null,""awayMoneyline"":null}]"
2025,4,Notre Dame,Purdue,"[{""provider"":""DraftKings"",""spread"":-26.5,""formattedSpread"":""Notre Dame -26.5"",""overUnder"":54.5,""homeMoneyline"":-5000,""awayMoneyline"":1800},{""provider"":""FanDuel"",""spread"":-27.5,""formattedSpread"":""Notre Dame -27.5"",""overUnder"":54.5,""homeMoneyline"":-4500,""awayMoneyline"":1600},{""provider"":""MyBookie.ag"",""spread"":-26.5,""formattedSpread"":""Notre Dame -26.5"",""overUnder"":54.5,""homeMoneyline"":-4000,""awayMoneyline"":1200},{""provider"":""Hard Rock Bet"",""spread"":-27.5,""formattedSpread"":""Notre Dame -27.5"",""overUnder"":54.5,""homeMoneyline"":null,""awayMoneyline"":null},{""provider"":""BetOnline.ag"",""spread"":-26.5,""formattedSpread"":""Notre Dame -26.5"",""overUnder"":54.5,""homeMoneyline"":null,""awayMoneyline"":null},{""provider"":""LowVig.ag"",""spread"":-26.5,""formattedSpread"":""Notre Dame -26.5"",""overUnder"":54.5,""homeMoneyline"":null,""awayMoneyline"":null},{""provider"":""BetMGM"",""spread"":-26.5,""formattedSpread"":""Notre Dame -26.5"",""overUnder"":54.5,""homeMoneyline"":-10000,""awayMoneyline"":2000},{""provider"":""Bovada"",""spread"":-27.0,""formattedSpread"":""Notre Dame -27.0"",""overUnder"":55.5,""homeMoneyline"":null,""awayMoneyline"":null},{""provider"":""ESPN BET"",""spread"":-26.5,""formattedSpread"":""Notre Dame -26.5"",""overUnder"":56.5,""homeMoneyline"":null,""awayMoneyline"":null},{""provider"":""BetAnySports"",""spread"":-26.5,""formattedSpread"":""Notre Dame -26.5"",""overUnder"":55.0,""homeMoneyline"":null,""awayMoneyline"":null},{""provider"":""Bally Bet"",""spread"":-27.0,""formattedSpread"":""Notre Dame -27.0"",""overUnder"":54.5,""homeMoneyline"":-10000,""awayMoneyline"":1700},{""provider"":""BetRivers"",""spread"":-27.0,""formattedSpread"":""Notre Dame -27.0"",""overUnder"":54.5,""homeMoneyline"":-10000,""awayMoneyline"":1400},{""provider"":""betPARX"",""spread"":-27.0,""formattedSpread"":""Notre Dame -27.0"",""overUnder"":54.5,""homeMoneyline"":-10000,""awayMoneyline"":1700},{""provider"":""Fliff"",""spread"":-26.5,""formattedSpread"":""Notre Dame -26.5"",""overUnder"":54.0,""homeMoneyline"":null,""awayMoneyline"":null},{""provider"":""BetUS"",""spread"":-26.5,""formattedSpread"":""Notre Dame -26.5"",""overUnder"":55.0,""homeMoneyline"":null,""awayMoneyline"":null}]"
2025,4,Oklahoma,Auburn,"[{""provider"":""FanDuel"",""spread"":-6.5,""formattedSpread"":""Oklahoma -6.5"",""overUnder"":48.5,""homeMoneyline"":-240,""awayMoneyline"":195},{""provider"":""Fliff"",""spread"":-6.5,""formattedSpread"":""Oklahoma -6.5"",""overUnder"":48.0,""homeMoneyline"":-240,""awayMoneyline"":170},{""provider"":""DraftKings"",""spread"":-6.5,""formattedSpread"":""Oklahoma -6.5"",""overUnder"":48.5,""homeMoneyline"":-225,""awayMoneyline"":185},{""provider"":""MyBookie.ag"",""spread"":-6.5,""formattedSpread"":""Oklahoma -6.5"",""overUnder"":48.0,""homeMoneyline"":-265,""awayMoneyline"":208},{""provider"":""Hard Rock Bet"",""spread"":-6.5,""formattedSpread"":""Oklahoma -6.5"",""overUnder"":48.5,""homeMoneyline"":-275,""awayMoneyline"":200},{""provider"":""BetOnline.ag"",""spread"":-6.5,""formattedSpread"":""Oklahoma -6.5"",""overUnder"":48.0,""homeMoneyline"":null,""awayMoneyline"":null},{""provider"":""LowVig.ag"",""spread"":-6.5,""formattedSpread"":""Oklahoma -6.5"",""overUnder"":48.0,""homeMoneyline"":null,""awayMoneyline"":null},{""provider"":""BetMGM"",""spread"":-6.5,""formattedSpread"":""Oklahoma -6.5"",""overUnder"":48.5,""homeMoneyline"":-250,""awayMoneyline"":200},{""provider"":""Bovada"",""spread"":-7.0,""formattedSpread"":""Oklahoma -7.0"",""overUnder"":48.5,""homeMoneyline"":-240,""awayMoneyline"":200},{""provider"":""BetAnySports"",""spread"":-6.5,""formattedSpread"":""Oklahoma -6.5"",""overUnder"":47.5,""homeMoneyline"":null,""awayMoneyline"":null},{""provider"":""Bally Bet"",""spread"":-6.5,""formattedSpread"":""Oklahoma -6.5"",""overUnder"":48.5,""homeMoneyline"":-235,""awayMoneyline"":190},{""provider"":""betPARX"",""spread"":-6.5,""formattedSpread"":""Oklahoma -6.5"",""overUnder"":48.5,""homeMoneyline"":-235,""awayMoneyline"":190},{""provider"":""BetRivers"",""spread"":-6.5,""formattedSpread"":""Oklahoma -6.5"",""overUnder"":48.5,""homeMoneyline"":-235,""awayMoneyline"":180},{""provider"":""ESPN BET"",""spread"":-6.5,""formattedSpread"":""Oklahoma -6.5"",""overUnder"":48.5,""homeMoneyline"":null,""awayMoneyline"":null},{""provider"":""BetUS"",""spread"":-6.5,""formattedSpread"":""Oklahoma -6.5"",""overUnder"":48.5,""homeMoneyline"":null,""awayMoneyline"":null}]"
2025,4,Oklahoma State,Tulsa,"[{""provider"":""FanDuel"",""spread"":-12.5,""formattedSpread"":""Oklahoma State -12.5"",""overUnder"":55.5,""homeMoneyline"":-430,""awayMoneyline"":330},{""provider"":""Fliff"",""spread"":-12.5,""formattedSpread"":""Oklahoma State -12.5"",""overUnder"":55.0,""homeMoneyline"":-585,""awayMoneyline"":360},{""provider"":""ESPN BET"",""spread"":-13.5,""formattedSpread"":""Oklahoma State -13.5"",""overUnder"":54.5,""homeMoneyline"":null,""awayMoneyline"":null},{""provider"":""DraftKings"",""spread"":-12.5,""formattedSpread"":""Oklahoma State -12.5"",""overUnder"":55.5,""homeMoneyline"":-485,""awayMoneyline"":370},{""provider"":""MyBookie.ag"",""spread"":-12.5,""formattedSpread"":""Oklahoma State -12.5"",""overUnder"":55.0,""homeMoneyline"":-500,""awayMoneyline"":360},{""provider"":""BetRivers"",""spread"":-13.0,""formattedSpread"":""Oklahoma State -13.0"",""overUnder"":55.5,""homeMoneyline"":-455,""awayMoneyline"":300},{""provider"":""Bally Bet"",""spread"":-13.0,""formattedSpread"":""Oklahoma State -13.0"",""overUnder"":55.5,""homeMoneyline"":-455,""awayMoneyline"":340},{""provider"":""betPARX"",""spread"":-13.0,""formattedSpread"":""Oklahoma State -13.0"",""overUnder"":55.5,""homeMoneyline"":-455,""awayMoneyline"":340},{""provider"":""Hard Rock Bet"",""spread"":-13.5,""formattedSpread"":""Oklahoma State -13.5"",""overUnder"":55.5,""homeMoneyline"":-550,""awayMoneyline"":400},{""provider"":""BetOnline.ag"",""spread"":-13.0,""formattedSpread"":""Oklahoma State -13.0"",""overUnder"":55.5,""homeMoneyline"":-480,""awayMoneyline"":370},{""provider"":""LowVig.ag"",""spread"":-13.0,""formattedSpread"":""Oklahoma State -13.0"",""overUnder"":55.5,""homeMoneyline"":-480,""awayMoneyline"":370},{""provider"":""BetUS"",""spread"":-13.0,""formattedSpread"":""Oklahoma State -13.0"",""overUnder"":55.5,""homeMoneyline"":-480,""awayMoneyline"":378},{""provider"":""BetMGM"",""spread"":-13.0,""formattedSpread"":""Oklahoma State -13.0"",""overUnder"":55.5,""homeMoneyline"":-450,""awayMoneyline"":340},{""provider"":""Bovada"",""spread"":-13.0,""formattedSpread"":""Oklahoma State -13.0"",""overUnder"":54.5,""homeMoneyline"":-500,""awayMoneyline"":360},{""provider"":""BetAnySports"",""spread"":-13.0,""formattedSpread"":""Oklahoma State -13.0"",""overUnder"":55.5,""homeMoneyline"":null,""awayMoneyline"":null}]"
2025,4,Ole Miss,Tulane,"[{""provider"":""FanDuel"",""spread"":-12.5,""formattedSpread"":""Ole Miss -12.5"",""overUnder"":60.5,""homeMoneyline"":-410,""awayMoneyline"":315},{""provider"":""Fliff"",""spread"":-12.5,""formattedSpread"":""Ole Miss -12.5"",""overUnder"":60.0,""homeMoneyline"":-470,""awayMoneyline"":305},{""provider"":""DraftKings"",""spread"":-12.5,""formattedSpread"":""Ole Miss -12.5"",""overUnder"":60.5,""homeMoneyline"":-395,""awayMoneyline"":310},{""provider"":""MyBookie.ag"",""spread"":-12.0,""formattedSpread"":""Ole Miss -12.0"",""overUnder"":60.5,""homeMoneyline"":-490,""awayMoneyline"":360},{""provider"":""Hard Rock Bet"",""spread"":-12.5,""formattedSpread"":""Ole Miss -12.5"",""overUnder"":60.5,""homeMoneyline"":-475,""awayMoneyline"":350},{""provider"":""BetOnline.ag"",""spread"":-11.5,""formattedSpread"":""Ole Miss -11.5"",""overUnder"":60.5,""homeMoneyline"":null,""awayMoneyline"":null},{""provider"":""BetMGM"",""spread"":-11.5,""formattedSpread"":""Ole Miss -11.5"",""overUnder"":60.5,""homeMoneyline"":-400,""awayMoneyline"":310},{""provider"":""Bovada"",""spread"":-12.5,""formattedSpread"":""Ole Miss -12.5"",""overUnder"":60.5,""homeMoneyline"":-480,""awayMoneyline"":350},{""provider"":""Bally Bet"",""spread"":-12.5,""formattedSpread"":""Ole Miss -12.5"",""overUnder"":60.5,""homeMoneyline"":-400,""awayMoneyline"":310},{""provider"":""betPARX"",""spread"":-12.5,""formattedSpread"":""Ole Miss -12.5"",""overUnder"":60.5,""homeMoneyline"":-400,""awayMoneyline"":310},{""provider"":""BetRivers"",""spread"":-12.5,""formattedSpread"":""Ole Miss -12.5"",""overUnder"":60.5,""homeMoneyline"":-400,""awayMoneyline"":275},{""provider"":""BetAnySports"",""spread"":-12.5,""formattedSpread"":""Ole Miss -12.5"",""overUnder"":61.0,""homeMoneyline"":null,""awayMoneyline"":null},{""provider"":""ESPN BET"",""spread"":-12.5,""formattedSpread"":""Ole Miss -12.5"",""overUnder"":60.5,""homeMoneyline"":null,""awayMoneyline"":null},{""provider"":""BetUS"",""spread"":-11.5,""formattedSpread"":""Ole Miss -11.5"",""overUnder"":60.5,""homeMoneyline"":null,""awayMoneyline"":null}]"
2025,4,Oregon,Oregon State,"[{""provider"":""DraftKings"",""spread"":35.5,""formattedSpread"":""Oregon +35.5"",""overUnder"":57.5,""homeMoneyline"":null,""awayMoneyline"":null},{""provider"":""FanDuel"",""spread"":34.5,""formattedSpread"":""Oregon +34.5"",""overUnder"":57.5,""homeMoneyline"":null,""awayMoneyline"":null},{""provider"":""BetOnline.ag"",""spread"":35.0,""formattedSpread"":""Oregon +35.0"",""overUnder"":57.5,""homeMoneyline"":null,""awayMoneyline"":null},{""provider"":""LowVig.ag"",""spread"":35.0,""formattedSpread"":""Oregon +35.0"",""overUnder"":57.5,""homeMoneyline"":null,""awayMoneyline"":null},{""provider"":""BetMGM"",""spread"":35.5,""formattedSpread"":""Oregon +35.5"",""overUnder"":57.5,""homeMoneyline"":null,""awayMoneyline"":null},{""provider"":""Bovada"",""spread"":35.0,""formattedSpread"":""Oregon +35.0"",""overUnder"":57.0,""homeMoneyline"":null,""awayMoneyline"":null},{""provider"":""ESPN BET"",""spread"":34.5,""formattedSpread"":""Oregon +34.5"",""overUnder"":57.5,""homeMoneyline"":null,""awayMoneyline"":null},{""provider"":""Bally Bet"",""spread"":35.0,""formattedSpread"":""Oregon +35.0"",""overUnder"":56.5,""homeMoneyline"":null,""awayMoneyline"":null},{""provider"":""betPARX"",""spread"":35.0,""formattedSpread"":""Oregon +35.0"",""overUnder"":56.5,""homeMoneyline"":null,""awayMoneyline"":null},{""provider"":""Fliff"",""spread"":35.5,""formattedSpread"":""Oregon +35.5"",""overUnder"":57.0,""homeMoneyline"":null,""awayMoneyline"":null},{""provider"":""BetRivers"",""spread"":35.0,""formattedSpread"":""Oregon +35.0"",""overUnder"":56.5,""homeMoneyline"":null,""awayMoneyline"":null},{""provider"":""BetAnySports"",""spread"":35.0,""formattedSpread"":""Oregon +35.0"",""overUnder"":57.5,""homeMoneyline"":null,""awayMoneyline"":null},{""provider"":""BetUS"",""spread"":35.0,""formattedSpread"":""Oregon +35.0"",""overUnder"":57.5,""homeMoneyline"":null,""awayMoneyline"":null},{""provider"":""Hard Rock Bet"",""spread"":35.5,""formattedSpread"":""Oregon +35.5"",""overUnder"":57.5,""homeMoneyline"":null,""awayMoneyline"":null}]"
2025,4,Rutgers,Iowa,"[{""provider"":""DraftKings"",""spread"":2.5,""formattedSpread"":""Rutgers +2.5"",""overUnder"":45.5,""homeMoneyline"":110,""awayMoneyline"":-130},{""provider"":""Fliff"",""spread"":2.5,""formattedSpread"":""Rutgers +2.5"",""overUnder"":45.0,""homeMoneyline"":-105,""awayMoneyline"":-135},{""provider"":""MyBookie.ag"",""spread"":2.5,""formattedSpread"":""Rutgers +2.5"",""overUnder"":45.0,""homeMoneyline"":116,""awayMoneyline"":-142},{""provider"":""ESPN BET"",""spread"":2.5,""formattedSpread"":""Rutgers +2.5"",""overUnder"":45.5,""homeMoneyline"":null,""awayMoneyline"":null},{""provider"":""BetRivers"",""spread"":3.0,""formattedSpread"":""Rutgers +3.0"",""overUnder"":45.5,""homeMoneyline"":118,""awayMoneyline"":-150},{""provider"":""Bally Bet"",""spread"":2.5,""formattedSpread"":""Rutgers +2.5"",""overUnder"":45.5,""homeMoneyline"":120,""awayMoneyline"":-148},{""provider"":""betPARX"",""spread"":2.5,""formattedSpread"":""Rutgers +2.5"",""overUnder"":45.5,""homeMoneyline"":120,""awayMoneyline"":-148},{""provider"":""BetOnline.ag"",""spread"":2.5,""formattedSpread"":""Rutgers +2.5"",""overUnder"":45.0,""homeMoneyline"":120,""awayMoneyline"":-140},{""provider"":""LowVig.ag"",""spread"":2.5,""formattedSpread"":""Rutgers +2.5"",""overUnder"":45.0,""homeMoneyline"":120,""awayMoneyline"":-140},{""provider"":""BetUS"",""spread"":2.5,""formattedSpread"":""Rutgers +2.5"",""overUnder"":45.0,""homeMoneyline"":120,""awayMoneyline"":-140},{""provider"":""BetMGM"",""spread"":2.5,""formattedSpread"":""Rutgers +2.5"",""overUnder"":45.5,""homeMoneyline"":120,""awayMoneyline"":-145},{""provider"":""Bovada"",""spread"":3.0,""formattedSpread"":""Rutgers +3.0"",""overUnder"":45.5,""homeMoneyline"":125,""awayMoneyline"":-145},{""provider"":""BetAnySports"",""spread"":2.5,""formattedSpread"":""Rutgers +2.5"",""overUnder"":45.0,""homeMoneyline"":null,""awayMoneyline"":null}]"
2025,4,San Diego State,California,"[{""provider"":""DraftKings"",""spread"":12.5,""formattedSpread"":""San Diego State +12.5"",""overUnder"":48.5,""homeMoneyline"":350,""awayMoneyline"":-455},{""provider"":""FanDuel"",""spread"":12.5,""formattedSpread"":""San Diego State +12.5"",""overUnder"":48.5,""homeMoneyline"":365,""awayMoneyline"":-490},{""provider"":""MyBookie.ag"",""spread"":12.5,""formattedSpread"":""San Diego State +12.5"",""overUnder"":48.5,""homeMoneyline"":380,""awayMoneyline"":-552},{""provider"":""LowVig.ag"",""spread"":11.5,""formattedSpread"":""San Diego State +11.5"",""overUnder"":48.0,""homeMoneyline"":null,""awayMoneyline"":null},{""provider"":""BetOnline.ag"",""spread"":11.5,""formattedSpread"":""San Diego State +11.5"",""overUnder"":48.0,""homeMoneyline"":null,""awayMoneyline"":null},{""provider"":""Fliff"",""spread"":12.5,""formattedSpread"":""San Diego State +12.5"",""overUnder"":48.0,""homeMoneyline"":335,""awayMoneyline"":-535},{""provider"":""BetMGM"",""spread"":12.5,""formattedSpread"":""San Diego State +12.5"",""overUnder"":48.5,""homeMoneyline"":375,""awayMoneyline"":-500},{""provider"":""Bovada"",""spread"":13.0,""formattedSpread"":""San Diego State +13.0"",""overUnder"":48.5,""homeMoneyline"":360,""awayMoneyline"":-500},{""provider"":""BetAnySports"",""spread"":11.5,""formattedSpread"":""San Diego State +11.5"",""overUnder"":48.5,""homeMoneyline"":null,""awayMoneyline"":null},{""provider"":""betPARX"",""spread"":12.5,""formattedSpread"":""San Diego State +12.5"",""overUnder"":48.5,""homeMoneyline"":350,""awayMoneyline"":-480},{""provider"":""Bally Bet"",""spread"":12.5,""formattedSpread"":""San Diego State +12.5"",""overUnder"":48.5,""homeMoneyline"":350,""awayMoneyline"":-480},{""provider"":""BetRivers"",""spread"":12.5,""formattedSpread"":""San Diego State +12.5"",""overUnder"":48.5,""homeMoneyline"":310,""awayMoneyline"":-480},{""provider"":""ESPN BET"",""spread"":12.5,""formattedSpread"":""San Diego State +12.5"",""overUnder"":48.5,""homeMoneyline"":null,""awayMoneyline"":null},{""provider"":""BetUS"",""spread"":11.5,""formattedSpread"":""San Diego State +11.5"",""overUnder"":48.0,""homeMoneyline"":null,""awayMoneyline"":null},{""provider"":""Hard Rock Bet"",""spread"":13.5,""formattedSpread"":""San Diego State +13.5"",""overUnder"":48.5,""homeMoneyline"":400,""awayMoneyline"":-550}]"
2025,4,South Alabama,Coastal Carolina,"[{""provider"":""DraftKings"",""spread"":-14.5,""formattedSpread"":""South Alabama -14.5"",""overUnder"":50.5,""homeMoneyline"":-650,""awayMoneyline"":470},{""provider"":""LowVig.ag"",""spread"":-14.5,""formattedSpread"":""South Alabama -14.5"",""overUnder"":50.5,""homeMoneyline"":null,""awayMoneyline"":null},{""provider"":""BetOnline.ag"",""spread"":-14.5,""formattedSpread"":""South Alabama -14.5"",""overUnder"":50.5,""homeMoneyline"":null,""awayMoneyline"":null},{""provider"":""FanDuel"",""spread"":-14.5,""formattedSpread"":""South Alabama -14.5"",""overUnder"":51.5,""homeMoneyline"":-630,""awayMoneyline"":450},{""provider"":""Fliff"",""spread"":-14.5,""formattedSpread"":""South Alabama -14.5"",""overUnder"":50.5,""homeMoneyline"":-760,""awayMoneyline"":435},{""provider"":""BetMGM"",""spread"":-14.5,""formattedSpread"":""South Alabama -14.5"",""overUnder"":50.5,""homeMoneyline"":null,""awayMoneyline"":null},{""provider"":""Bovada"",""spread"":-14.5,""formattedSpread"":""South Alabama -14.5"",""overUnder"":50.5,""homeMoneyline"":-625,""awayMoneyline"":430},{""provider"":""MyBookie.ag"",""spread"":-14.5,""formattedSpread"":""South Alabama -14.5"",""overUnder"":50.5,""homeMoneyline"":-725,""awayMoneyline"":480},{""provider"":""BetAnySports"",""spread"":-14.5,""formattedSpread"":""South Alabama -14.5"",""overUnder"":50.5,""homeMoneyline"":null,""awayMoneyline"":null},{""provider"":""Bally Bet"",""spread"":-14.5,""formattedSpread"":""South Alabama -14.5"",""overUnder"":51.0,""homeMoneyline"":-625,""awayMoneyline"":430},{""provider"":""betPARX"",""spread"":-14.5,""formattedSpread"":""South Alabama -14.5"",""overUnder"":51.0,""homeMoneyline"":-625,""awayMoneyline"":430},{""provider"":""BetRivers"",""spread"":-14.5,""formattedSpread"":""South Alabama -14.5"",""overUnder"":51.0,""homeMoneyline"":-625,""awayMoneyline"":430},{""provider"":""BetUS"",""spread"":-14.5,""formattedSpread"":""South Alabama -14.5"",""overUnder"":50.5,""homeMoneyline"":null,""awayMoneyline"":null},{""provider"":""ESPN BET"",""spread"":-14.5,""formattedSpread"":""South Alabama -14.5"",""overUnder"":50.5,""homeMoneyline"":null,""awayMoneyline"":null},{""provider"":""Hard Rock Bet"",""spread"":-14.5,""formattedSpread"":""South Alabama -14.5"",""overUnder"":50.5,""homeMoneyline"":-750,""awayMoneyline"":500}]"
2025,4,TCU,SMU,"[{""provider"":""DraftKings"",""spread"":-7.0,""formattedSpread"":""TCU -7.0"",""overUnder"":63.5,""homeMoneyline"":-238,""awayMoneyline"":195},{""provider"":""FanDuel"",""spread"":-6.5,""formattedSpread"":""TCU -6.5"",""overUnder"":63.5,""homeMoneyline"":-235,""awayMoneyline"":190},{""provider"":""MyBookie.ag"",""spread"":-7.0,""formattedSpread"":""TCU -7.0"",""overUnder"":63.5,""homeMoneyline"":-260,""awayMoneyline"":206},{""provider"":""Fliff"",""spread"":-6.5,""formattedSpread"":""TCU -6.5"",""overUnder"":63.5,""homeMoneyline"":-275,""awayMoneyline"":195},{""provider"":""Hard Rock Bet"",""spread"":-6.5,""formattedSpread"":""TCU -6.5"",""overUnder"":63.5,""homeMoneyline"":-275,""awayMoneyline"":200},{""provider"":""BetOnline.ag"",""spread"":-6.5,""formattedSpread"":""TCU -6.5"",""overUnder"":63.5,""homeMoneyline"":null,""awayMoneyline"":null},{""provider"":""LowVig.ag"",""spread"":-6.5,""formattedSpread"":""TCU -6.5"",""overUnder"":63.5,""homeMoneyline"":null,""awayMoneyline"":null},{""provider"":""BetMGM"",""spread"":-7.0,""formattedSpread"":""TCU -7.0"",""overUnder"":64.5,""homeMoneyline"":-250,""awayMoneyline"":200},{""provider"":""Bovada"",""spread"":-7.0,""formattedSpread"":""TCU -7.0"",""overUnder"":64.0,""homeMoneyline"":-250,""awayMoneyline"":210},{""provider"":""ESPN BET"",""spread"":-6.5,""formattedSpread"":""TCU -6.5"",""overUnder"":64.5,""homeMoneyline"":null,""awayMoneyline"":null},{""provider"":""Bally Bet"",""spread"":-7.0,""formattedSpread"":""TCU -7.0"",""overUnder"":63.0,""homeMoneyline"":-235,""awayMoneyline"":190},{""provider"":""BetRivers"",""spread"":-7.0,""formattedSpread"":""TCU -7.0"",""overUnder"":63.0,""homeMoneyline"":-235,""awayMoneyline"":175},{""provider"":""betPARX"",""spread"":-7.0,""formattedSpread"":""TCU -7.0"",""overUnder"":63.0,""homeMoneyline"":-235,""awayMoneyline"":190},{""provider"":""BetAnySports"",""spread"":-7.0,""formattedSpread"":""TCU -7.0"",""overUnder"":63.5,""homeMoneyline"":null,""awayMoneyline"":null},{""provider"":""BetUS"",""spread"":-7.0,""formattedSpread"":""TCU -7.0"",""overUnder"":63.5,""homeMoneyline"":null,""awayMoneyline"":null}]"
2025,4,Tennessee,UAB,"[{""provider"":""FanDuel"",""spread"":-39.5,""formattedSpread"":""Tennessee -39.5"",""overUnder"":67.5,""homeMoneyline"":null,""awayMoneyline"":null},{""provider"":""DraftKings"",""spread"":-39.5,""formattedSpread"":""Tennessee -39.5"",""overUnder"":66.5,""homeMoneyline"":null,""awayMoneyline"":null},{""provider"":""BetOnline.ag"",""spread"":-39.5,""formattedSpread"":""Tennessee -39.5"",""overUnder"":67.0,""homeMoneyline"":null,""awayMoneyline"":null},{""provider"":""LowVig.ag"",""spread"":-39.5,""formattedSpread"":""Tennessee -39.5"",""overUnder"":67.0,""homeMoneyline"":null,""awayMoneyline"":null},{""provider"":""BetMGM"",""spread"":-40.5,""formattedSpread"":""Tennessee -40.5"",""overUnder"":67.5,""homeMoneyline"":null,""awayMoneyline"":null},{""provider"":""Bovada"",""spread"":-39.0,""formattedSpread"":""Tennessee -39.0"",""overUnder"":67.0,""homeMoneyline"":null,""awayMoneyline"":null},{""provider"":""ESPN BET"",""spread"":-39.5,""formattedSpread"":""Tennessee -39.5"",""overUnder"":67.5,""homeMoneyline"":null,""awayMoneyline"":null},{""provider"":""BetRivers"",""spread"":-38.5,""formattedSpread"":""Tennessee -38.5"",""overUnder"":67.5,""homeMoneyline"":null,""awayMoneyline"":null},{""provider"":""betPARX"",""spread"":-38.5,""formattedSpread"":""Tennessee -38.5"",""overUnder"":67.5,""homeMoneyline"":null,""awayMoneyline"":null},{""provider"":""Bally Bet"",""spread"":-38.5,""formattedSpread"":""Tennessee -38.5"",""overUnder"":67.5,""homeMoneyline"":null,""awayMoneyline"":null},{""provider"":""Fliff"",""spread"":-39.5,""formattedSpread"":""Tennessee -39.5"",""overUnder"":67.5,""homeMoneyline"":null,""awayMoneyline"":null},{""provider"":""BetAnySports"",""spread"":-39.5,""formattedSpread"":""Tennessee -39.5"",""overUnder"":67.5,""homeMoneyline"":null,""awayMoneyline"":null},{""provider"":""BetUS"",""spread"":-39.5,""formattedSpread"":""Tennessee -39.5"",""overUnder"":67.0,""homeMoneyline"":null,""awayMoneyline"":null},{""provider"":""Hard Rock Bet"",""spread"":-38.5,""formattedSpread"":""Tennessee -38.5"",""overUnder"":67.5,""homeMoneyline"":-15000,""awayMoneyline"":2500}]"
2025,4,Texas,Sam Houston,"[{""provider"":""DraftKings"",""spread"":-40.5,""formattedSpread"":""Texas -40.5"",""overUnder"":51.5,""homeMoneyline"":null,""awayMoneyline"":null},{""provider"":""FanDuel"",""spread"":-41.5,""formattedSpread"":""Texas -41.5"",""overUnder"":51.5,""homeMoneyline"":null,""awayMoneyline"":null},{""provider"":""BetOnline.ag"",""spread"":-41.0,""formattedSpread"":""Texas -41.0"",""overUnder"":51.0,""homeMoneyline"":null,""awayMoneyline"":null},{""provider"":""LowVig.ag"",""spread"":-41.0,""formattedSpread"":""Texas -41.0"",""overUnder"":51.0,""homeMoneyline"":null,""awayMoneyline"":null},{""provider"":""BetMGM"",""spread"":-41.5,""formattedSpread"":""Texas -41.5"",""overUnder"":51.5,""homeMoneyline"":null,""awayMoneyline"":null},{""provider"":""Bovada"",""spread"":-41.0,""formattedSpread"":""Texas -41.0"",""overUnder"":51.5,""homeMoneyline"":null,""awayMoneyline"":null},{""provider"":""BetAnySports"",""spread"":-41.0,""formattedSpread"":""Texas -41.0"",""overUnder"":51.5,""homeMoneyline"":null,""awayMoneyline"":null},{""provider"":""Fliff"",""spread"":-40.5,""formattedSpread"":""Texas -40.5"",""overUnder"":51.5,""homeMoneyline"":null,""awayMoneyline"":null},{""provider"":""Bally Bet"",""spread"":-41.5,""formattedSpread"":""Texas -41.5"",""overUnder"":51.5,""homeMoneyline"":null,""awayMoneyline"":null},{""provider"":""betPARX"",""spread"":-41.5,""formattedSpread"":""Texas -41.5"",""overUnder"":51.5,""homeMoneyline"":null,""awayMoneyline"":null},{""provider"":""BetRivers"",""spread"":-41.5,""formattedSpread"":""Texas -41.5"",""overUnder"":51.5,""homeMoneyline"":null,""awayMoneyline"":null},{""provider"":""ESPN BET"",""spread"":-41.5,""formattedSpread"":""Texas -41.5"",""overUnder"":51.5,""homeMoneyline"":null,""awayMoneyline"":null},{""provider"":""BetUS"",""spread"":-41.0,""formattedSpread"":""Texas -41.0"",""overUnder"":51.5,""homeMoneyline"":null,""awayMoneyline"":null},{""provider"":""Hard Rock Bet"",""spread"":-41.5,""formattedSpread"":""Texas -41.5"",""overUnder"":51.5,""homeMoneyline"":null,""awayMoneyline"":null}]"
2025,4,UCF,North Carolina,"[{""provider"":""FanDuel"",""spread"":-6.5,""formattedSpread"":""UCF -6.5"",""overUnder"":49.5,""homeMoneyline"":-235,""awayMoneyline"":190},{""provider"":""Fliff"",""spread"":-6.5,""formattedSpread"":""UCF -6.5"",""overUnder"":48.5,""homeMoneyline"":-285,""awayMoneyline"":200},{""provider"":""BetRivers"",""spread"":-6.5,""formattedSpread"":""UCF -6.5"",""overUnder"":49.5,""homeMoneyline"":-240,""awayMoneyline"":185},{""provider"":""betPARX"",""spread"":-6.5,""formattedSpread"":""UCF -6.5"",""overUnder"":49.5,""homeMoneyline"":-240,""awayMoneyline"":190},{""provider"":""Bally Bet"",""spread"":-6.5,""formattedSpread"":""UCF -6.5"",""overUnder"":49.5,""homeMoneyline"":-240,""awayMoneyline"":190},{""provider"":""MyBookie.ag"",""spread"":-6.5,""formattedSpread"":""UCF -6.5"",""overUnder"":49.0,""homeMoneyline"":-265,""awayMoneyline"":210},{""provider"":""DraftKings"",""spread"":-6.5,""formattedSpread"":""UCF -6.5"",""overUnder"":48.5,""homeMoneyline"":-250,""awayMoneyline"":205},{""provider"":""BetOnline.ag"",""spread"":-6.5,""formattedSpread"":""UCF -6.5"",""overUnder"":48.5,""homeMoneyline"":null,""awayMoneyline"":null},{""provider"":""LowVig.ag"",""spread"":-6.5,""formattedSpread"":""UCF -6.5"",""overUnder"":48.5,""homeMoneyline"":null,""awayMoneyline"":null},{""provider"":""Hard Rock Bet"",""spread"":-6.5,""formattedSpread"":""UCF -6.5"",""overUnder"":49.5,""homeMoneyline"":-275,""awayMoneyline"":200},{""provider"":""BetMGM"",""spread"":-6.5,""formattedSpread"":""UCF -6.5"",""overUnder"":48.5,""homeMoneyline"":-250,""awayMoneyline"":200},{""provider"":""Bovada"",""spread"":-6.5,""formattedSpread"":""UCF -6.5"",""overUnder"":49.0,""homeMoneyline"":-235,""awayMoneyline"":195},{""provider"":""ESPN BET"",""spread"":-6.5,""formattedSpread"":""UCF -6.5"",""overUnder"":49.5,""homeMoneyline"":null,""awayMoneyline"":null},{""provider"":""BetAnySports"",""spread"":-6.5,""formattedSpread"":""UCF -6.5"",""overUnder"":49.0,""homeMoneyline"":null,""awayMoneyline"":null},{""provider"":""BetUS"",""spread"":-6.5,""formattedSpread"":""UCF -6.5"",""overUnder"":49.0,""homeMoneyline"":null,""awayMoneyline"":null}]"
2025,4,UConn,Ball State,"[{""provider"":""DraftKings"",""spread"":-20.5,""formattedSpread"":""UConn -20.5"",""overUnder"":52.5,""homeMoneyline"":-1350,""awayMoneyline"":800},{""provider"":""BetOnline.ag"",""spread"":-20.5,""formattedSpread"":""UConn -20.5"",""overUnder"":52.5,""homeMoneyline"":null,""awayMoneyline"":null},{""provider"":""LowVig.ag"",""spread"":-20.5,""formattedSpread"":""UConn -20.5"",""overUnder"":52.5,""homeMoneyline"":null,""awayMoneyline"":null},{""provider"":""FanDuel"",""spread"":-20.5,""formattedSpread"":""UConn -20.5"",""overUnder"":52.5,""homeMoneyline"":-1400,""awayMoneyline"":800},{""provider"":""MyBookie.ag"",""spread"":-20.5,""formattedSpread"":""UConn -20.5"",""overUnder"":52.5,""homeMoneyline"":-1408,""awayMoneyline"":760},{""provider"":""Fliff"",""spread"":-20.5,""formattedSpread"":""UConn -20.5"",""overUnder"":52.5,""homeMoneyline"":-1860,""awayMoneyline"":725},{""provider"":""BetMGM"",""spread"":-20.5,""formattedSpread"":""UConn -20.5"",""overUnder"":52.5,""homeMoneyline"":null,""awayMoneyline"":null},{""provider"":""Bovada"",""spread"":-20.5,""formattedSpread"":""UConn -20.5"",""overUnder"":52.5,""homeMoneyline"":-1500,""awayMoneyline"":775},{""provider"":""ESPN BET"",""spread"":-20.5,""formattedSpread"":""UConn -20.5"",""overUnder"":52.5,""homeMoneyline"":null,""awayMoneyline"":null},{""provider"":""BetRivers"",""spread"":-20.5,""formattedSpread"":""UConn -20.5"",""overUnder"":52.5,""homeMoneyline"":-1430,""awayMoneyline"":700},{""provider"":""betPARX"",""spread"":-20.5,""formattedSpread"":""UConn -20.5"",""overUnder"":52.5,""homeMoneyline"":-1430,""awayMoneyline"":800},{""provider"":""Bally Bet"",""spread"":-20.5,""formattedSpread"":""UConn -20.5"",""overUnder"":52.5,""homeMoneyline"":-1430,""awayMoneyline"":800},{""provider"":""BetAnySports"",""spread"":-20.5,""formattedSpread"":""UConn -20.5"",""overUnder"":52.5,""homeMoneyline"":null,""awayMoneyline"":null},{""provider"":""BetUS"",""spread"":-20.5,""formattedSpread"":""UConn -20.5"",""overUnder"":52.5,""homeMoneyline"":null,""awayMoneyline"":null},{""provider"":""Hard Rock Bet"",""spread"":-20.5,""formattedSpread"":""UConn -20.5"",""overUnder"":52.5,""homeMoneyline"":-1500,""awayMoneyline"":800}]"
2025,4,USC,Michigan State,"[{""provider"":""DraftKings"",""spread"":-16.5,""formattedSpread"":""USC -16.5"",""overUnder"":56.5,""homeMoneyline"":-700,""awayMoneyline"":500},{""provider"":""FanDuel"",""spread"":-15.5,""formattedSpread"":""USC -15.5"",""overUnder"":55.5,""homeMoneyline"":-710,""awayMoneyline"":490},{""provider"":""Fliff"",""spread"":-16.5,""formattedSpread"":""USC -16.5"",""overUnder"":56.5,""homeMoneyline"":-890,""awayMoneyline"":485},{""provider"":""MyBookie.ag"",""spread"":-16.5,""formattedSpread"":""USC -16.5"",""overUnder"":56.5,""homeMoneyline"":-800,""awayMoneyline"":510},{""provider"":""Hard Rock Bet"",""spread"":-16.5,""formattedSpread"":""USC -16.5"",""overUnder"":56.5,""homeMoneyline"":-800,""awayMoneyline"":525},{""provider"":""BetRivers"",""spread"":-15.5,""formattedSpread"":""USC -15.5"",""overUnder"":56.5,""homeMoneyline"":-715,""awayMoneyline"":460},{""provider"":""betPARX"",""spread"":-15.5,""formattedSpread"":""USC -15.5"",""overUnder"":56.5,""homeMoneyline"":-715,""awayMoneyline"":500},{""provider"":""Bally Bet"",""spread"":-15.5,""formattedSpread"":""USC -15.5"",""overUnder"":56.5,""homeMoneyline"":-715,""awayMoneyline"":500},{""provider"":""LowVig.ag"",""spread"":-16.0,""formattedSpread"":""USC -16.0"",""overUnder"":57.0,""homeMoneyline"":null,""awayMoneyline"":null},{""provider"":""BetOnline.ag"",""spread"":-16.0,""formattedSpread"":""USC -16.0"",""overUnder"":57.0,""homeMoneyline"":null,""awayMoneyline"":null},{""provider"":""BetMGM"",""spread"":-16.5,""formattedSpread"":""USC -16.5"",""overUnder"":56.5,""homeMoneyline"":-750,""awayMoneyline"":525},{""provider"":""Bovada"",""spread"":-16.5,""formattedSpread"":""USC -16.5"",""overUnder"":56.5,""homeMoneyline"":-750,""awayMoneyline"":500},{""provider"":""BetAnySports"",""spread"":-16.0,""formattedSpread"":""USC -16.0"",""overUnder"":56.5,""homeMoneyline"":null,""awayMoneyline"":null},{""provider"":""ESPN BET"",""spread"":-16.5,""formattedSpread"":""USC -16.5"",""overUnder"":56.5,""homeMoneyline"":null,""awayMoneyline"":null},{""provider"":""BetUS"",""spread"":-16.0,""formattedSpread"":""USC -16.0"",""overUnder"":56.5,""homeMoneyline"":null,""awayMoneyline"":null}]"
2025,4,UTEP,UL Monroe,"[{""provider"":""DraftKings"",""spread"":-4.5,""formattedSpread"":""UTEP -4.5"",""overUnder"":47.5,""homeMoneyline"":-198,""awayMoneyline"":164},{""provider"":""FanDuel"",""spread"":-4.5,""formattedSpread"":""UTEP -4.5"",""overUnder"":47.5,""homeMoneyline"":-196,""awayMoneyline"":162},{""provider"":""MyBookie.ag"",""spread"":-5.0,""formattedSpread"":""UTEP -5.0"",""overUnder"":47.0,""homeMoneyline"":-208,""awayMoneyline"":167},{""provider"":""BetOnline.ag"",""spread"":-5.0,""formattedSpread"":""UTEP -5.0"",""overUnder"":47.0,""homeMoneyline"":null,""awayMoneyline"":null},{""provider"":""LowVig.ag"",""spread"":-5.0,""formattedSpread"":""UTEP -5.0"",""overUnder"":47.0,""homeMoneyline"":null,""awayMoneyline"":null},{""provider"":""Fliff"",""spread"":-4.5,""formattedSpread"":""UTEP -4.5"",""overUnder"":47.5,""homeMoneyline"":-220,""awayMoneyline"":155},{""provider"":""BetMGM"",""spread"":-4.5,""formattedSpread"":""UTEP -4.5"",""overUnder"":47.5,""homeMoneyline"":null,""awayMoneyline"":null},{""provider"":""Bovada"",""spread"":-5.0,""formattedSpread"":""UTEP -5.0"",""overUnder"":47.0,""homeMoneyline"":-210,""awayMoneyline"":175},{""provider"":""BetAnySports"",""spread"":-5.0,""formattedSpread"":""UTEP -5.0"",""overUnder"":47.0,""homeMoneyline"":null,""awayMoneyline"":null},{""provider"":""ESPN BET"",""spread"":-4.5,""formattedSpread"":""UTEP -4.5"",""overUnder"":47.5,""homeMoneyline"":null,""awayMoneyline"":null},{""provider"":""Bally Bet"",""spread"":-5.0,""formattedSpread"":""UTEP -5.0"",""overUnder"":47.5,""homeMoneyline"":-210,""awayMoneyline"":163},{""provider"":""betPARX"",""spread"":-5.0,""formattedSpread"":""UTEP -5.0"",""overUnder"":47.5,""homeMoneyline"":-210,""awayMoneyline"":163},{""provider"":""BetRivers"",""spread"":-5.0,""formattedSpread"":""UTEP -5.0"",""overUnder"":47.5,""homeMoneyline"":-210,""awayMoneyline"":160},{""provider"":""BetUS"",""spread"":-5.0,""formattedSpread"":""UTEP -5.0"",""overUnder"":47.0,""homeMoneyline"":null,""awayMoneyline"":null}]"
2025,4,Utah,Texas Tech,"[{""provider"":""DraftKings"",""spread"":-3.5,""formattedSpread"":""Utah -3.5"",""overUnder"":57.5,""homeMoneyline"":-175,""awayMoneyline"":145},{""provider"":""FanDuel"",""spread"":-3.5,""formattedSpread"":""Utah -3.5"",""overUnder"":56.5,""homeMoneyline"":-178,""awayMoneyline"":146},{""provider"":""Fliff"",""spread"":-3.5,""formattedSpread"":""Utah -3.5"",""overUnder"":57.5,""homeMoneyline"":-190,""awayMoneyline"":135},{""provider"":""MyBookie.ag"",""spread"":-3.5,""formattedSpread"":""Utah -3.5"",""overUnder"":57.5,""homeMoneyline"":-181,""awayMoneyline"":147},{""provider"":""Hard Rock Bet"",""spread"":-3.5,""formattedSpread"":""Utah -3.5"",""overUnder"":57.5,""homeMoneyline"":-180,""awayMoneyline"":150},{""provider"":""Bally Bet"",""spread"":-3.5,""formattedSpread"":""Utah -3.5"",""overUnder"":57.0,""homeMoneyline"":-155,""awayMoneyline"":125},{""provider"":""BetRivers"",""spread"":-3.5,""formattedSpread"":""Utah -3.5"",""overUnder"":57.0,""homeMoneyline"":-155,""awayMoneyline"":125},{""provider"":""betPARX"",""spread"":-3.5,""formattedSpread"":""Utah -3.5"",""overUnder"":57.0,""homeMoneyline"":-155,""awayMoneyline"":125},{""provider"":""BetOnline.ag"",""spread"":-3.0,""formattedSpread"":""Utah -3.0"",""overUnder"":57.5,""homeMoneyline"":null,""awayMoneyline"":null},{""provider"":""BetMGM"",""spread"":-3.5,""formattedSpread"":""Utah -3.5"",""overUnder"":57.5,""homeMoneyline"":-175,""awayMoneyline"":145},{""provider"":""Bovada"",""spread"":-4.0,""formattedSpread"":""Utah -4.0"",""overUnder"":57.0,""homeMoneyline"":-185,""awayMoneyline"":160},{""provider"":""ESPN BET"",""spread"":-3.5,""formattedSpread"":""Utah -3.5"",""overUnder"":57.5,""homeMoneyline"":null,""awayMoneyline"":null},{""provider"":""BetAnySports"",""spread"":-3.5,""formattedSpread"":""Utah -3.5"",""overUnder"":57.5,""homeMoneyline"":null,""awayMoneyline"":null},{""provider"":""BetUS"",""spread"":-3.5,""formattedSpread"":""Utah -3.5"",""overUnder"":57.5,""homeMoneyline"":null,""awayMoneyline"":null}]"
2025,4,Vanderbilt,Georgia State,"[{""provider"":""DraftKings"",""spread"":-26.5,""formattedSpread"":""Vanderbilt -26.5"",""overUnder"":53.5,""homeMoneyline"":-3200,""awayMoneyline"":1400},{""provider"":""BetOnline.ag"",""spread"":-27.0,""formattedSpread"":""Vanderbilt -27.0"",""overUnder"":54.0,""homeMoneyline"":null,""awayMoneyline"":null},{""provider"":""LowVig.ag"",""spread"":-27.0,""formattedSpread"":""Vanderbilt -27.0"",""overUnder"":54.0,""homeMoneyline"":null,""awayMoneyline"":null},{""provider"":""FanDuel"",""spread"":-26.5,""formattedSpread"":""Vanderbilt -26.5"",""overUnder"":53.5,""homeMoneyline"":-4000,""awayMoneyline"":1400},{""provider"":""MyBookie.ag"",""spread"":-26.5,""formattedSpread"":""Vanderbilt -26.5"",""overUnder"":53.5,""homeMoneyline"":-4000,""awayMoneyline"":1175},{""provider"":""BetMGM"",""spread"":-26.5,""formattedSpread"":""Vanderbilt -26.5"",""overUnder"":53.5,""homeMoneyline"":-3000,""awayMoneyline"":1200},{""provider"":""Bovada"",""spread"":-26.5,""formattedSpread"":""Vanderbilt -26.5"",""overUnder"":53.5,""homeMoneyline"":null,""awayMoneyline"":null},{""provider"":""BetAnySports"",""spread"":-26.5,""formattedSpread"":""Vanderbilt -26.5"",""overUnder"":53.5,""homeMoneyline"":null,""awayMoneyline"":null},{""provider"":""Bally Bet"",""spread"":-26.5,""formattedSpread"":""Vanderbilt -26.5"",""overUnder"":53.5,""homeMoneyline"":-5000,""awayMoneyline"":1300},{""provider"":""betPARX"",""spread"":-26.5,""formattedSpread"":""Vanderbilt -26.5"",""overUnder"":53.5,""homeMoneyline"":-5000,""awayMoneyline"":1300},{""provider"":""BetRivers"",""spread"":-26.5,""formattedSpread"":""Vanderbilt -26.5"",""overUnder"":53.5,""homeMoneyline"":-5000,""awayMoneyline"":1300},{""provider"":""Fliff"",""spread"":-26.5,""formattedSpread"":""Vanderbilt -26.5"",""overUnder"":53.5,""homeMoneyline"":null,""awayMoneyline"":null},{""provider"":""ESPN BET"",""spread"":-26.5,""formattedSpread"":""Vanderbilt -26.5"",""overUnder"":53.5,""homeMoneyline"":null,""awayMoneyline"":null},{""provider"":""BetUS"",""spread"":-26.0,""formattedSpread"":""Vanderbilt -26.0"",""overUnder"":54.0,""homeMoneyline"":null,""awayMoneyline"":null},{""provider"":""Hard Rock Bet"",""spread"":-27.5,""formattedSpread"":""Vanderbilt -27.5"",""overUnder"":53.5,""homeMoneyline"":null,""awayMoneyline"":null}]"
2025,4,Virginia,Stanford,"[{""provider"":""DraftKings"",""spread"":-15.5,""formattedSpread"":""Virginia -15.5"",""overUnder"":48.5,""homeMoneyline"":-700,""awayMoneyline"":500},{""provider"":""LowVig.ag"",""spread"":-15.5,""formattedSpread"":""Virginia -15.5"",""overUnder"":49.0,""homeMoneyline"":null,""awayMoneyline"":null},{""provider"":""BetOnline.ag"",""spread"":-15.5,""formattedSpread"":""Virginia -15.5"",""overUnder"":49.0,""homeMoneyline"":null,""awayMoneyline"":null},{""provider"":""FanDuel"",""spread"":-16.5,""formattedSpread"":""Virginia -16.5"",""overUnder"":48.5,""homeMoneyline"":-750,""awayMoneyline"":520},{""provider"":""Fliff"",""spread"":-15.5,""formattedSpread"":""Virginia -15.5"",""overUnder"":48.5,""homeMoneyline"":-890,""awayMoneyline"":485},{""provider"":""MyBookie.ag"",""spread"":-16.0,""formattedSpread"":""Virginia -16.0"",""overUnder"":49.0,""homeMoneyline"":-800,""awayMoneyline"":530},{""provider"":""BetMGM"",""spread"":-15.5,""formattedSpread"":""Virginia -15.5"",""overUnder"":48.5,""homeMoneyline"":-700,""awayMoneyline"":500},{""provider"":""Bovada"",""spread"":-15.0,""formattedSpread"":""Virginia -15.0"",""overUnder"":49.0,""homeMoneyline"":-800,""awayMoneyline"":525},{""provider"":""BetAnySports"",""spread"":-15.5,""formattedSpread"":""Virginia -15.5"",""overUnder"":49.5,""homeMoneyline"":null,""awayMoneyline"":null},{""provider"":""Bally Bet"",""spread"":-15.5,""formattedSpread"":""Virginia -15.5"",""overUnder"":48.5,""homeMoneyline"":-715,""awayMoneyline"":500},{""provider"":""betPARX"",""spread"":-15.5,""formattedSpread"":""Virginia -15.5"",""overUnder"":48.5,""homeMoneyline"":-715,""awayMoneyline"":500},{""provider"":""BetRivers"",""spread"":-15.5,""formattedSpread"":""Virginia -15.5"",""overUnder"":48.5,""homeMoneyline"":-715,""awayMoneyline"":450},{""provider"":""ESPN BET"",""spread"":-14.5,""formattedSpread"":""Virginia -14.5"",""overUnder"":48.5,""homeMoneyline"":null,""awayMoneyline"":null},{""provider"":""BetUS"",""spread"":-15.5,""formattedSpread"":""Virginia -15.5"",""overUnder"":49.0,""homeMoneyline"":null,""awayMoneyline"":null}]"
2025,4,Washington State,Washington,"[{""provider"":""DraftKings"",""spread"":20.5,""formattedSpread"":""Washington State +20.5"",""overUnder"":53.5,""homeMoneyline"":850,""awayMoneyline"":-1450},{""provider"":""FanDuel"",""spread"":20.5,""formattedSpread"":""Washington State +20.5"",""overUnder"":52.5,""homeMoneyline"":810,""awayMoneyline"":-1450},{""provider"":""Fliff"",""spread"":20.5,""formattedSpread"":""Washington State +20.5"",""overUnder"":53.0,""homeMoneyline"":820,""awayMoneyline"":-2485},{""provider"":""LowVig.ag"",""spread"":20.5,""formattedSpread"":""Washington State +20.5"",""overUnder"":53.0,""homeMoneyline"":null,""awayMoneyline"":null},{""provider"":""BetOnline.ag"",""spread"":20.5,""formattedSpread"":""Washington State +20.5"",""overUnder"":53.0,""homeMoneyline"":null,""awayMoneyline"":null},{""provider"":""MyBookie.ag"",""spread"":20.5,""formattedSpread"":""Washington State +20.5"",""overUnder"":53.0,""homeMoneyline"":740,""awayMoneyline"":-1299},{""provider"":""BetMGM"",""spread"":20.5,""formattedSpread"":""Washington State +20.5"",""overUnder"":52.5,""homeMoneyline"":800,""awayMoneyline"":-1400},{""provider"":""Bovada"",""spread"":20.5,""formattedSpread"":""Washington State +20.5"",""overUnder"":53.0,""homeMoneyline"":775,""awayMoneyline"":-1500},{""provider"":""BetAnySports"",""spread"":20.0,""formattedSpread"":""Washington State +20.0"",""overUnder"":53.0,""homeMoneyline"":null,""awayMoneyline"":null},{""provider"":""betPARX"",""spread"":20.5,""formattedSpread"":""Washington State +20.5"",""overUnder"":53.0,""homeMoneyline"":700,""awayMoneyline"":-1250},{""provider"":""Bally Bet"",""spread"":20.5,""formattedSpread"":""Washington State +20.5"",""overUnder"":53.0,""homeMoneyline"":700,""awayMoneyline"":-1250},{""provider"":""BetRivers"",""spread"":20.5,""formattedSpread"":""Washington State +20.5"",""overUnder"":53.0,""homeMoneyline"":700,""awayMoneyline"":-1250},{""provider"":""ESPN BET"",""spread"":20.5,""formattedSpread"":""Washington State +20.5"",""overUnder"":53.5,""homeMoneyline"":null,""awayMoneyline"":null},{""provider"":""BetUS"",""spread"":20.5,""formattedSpread"":""Washington State +20.5"",""overUnder"":53.0,""homeMoneyline"":null,""awayMoneyline"":null},{""provider"":""Hard Rock Bet"",""spread"":20.5,""formattedSpread"":""Washington State +20.5"",""overUnder"":52.5,""homeMoneyline"":750,""awayMoneyline"":-1200}]"
2025,4,Western Kentucky,Nevada,"[{""provider"":""DraftKings"",""spread"":-10.5,""formattedSpread"":""Western Kentucky -10.5"",""overUnder"":54.5,""homeMoneyline"":-380,""awayMoneyline"":300},{""provider"":""BetOnline.ag"",""spread"":-10.5,""formattedSpread"":""Western Kentucky -10.5"",""overUnder"":55.0,""homeMoneyline"":null,""awayMoneyline"":null},{""provider"":""LowVig.ag"",""spread"":-10.5,""formattedSpread"":""Western Kentucky -10.5"",""overUnder"":55.0,""homeMoneyline"":null,""awayMoneyline"":null},{""provider"":""FanDuel"",""spread"":-11.5,""formattedSpread"":""Western Kentucky -11.5"",""overUnder"":54.5,""homeMoneyline"":-375,""awayMoneyline"":290},{""provider"":""MyBookie.ag"",""spread"":-11.0,""formattedSpread"":""Western Kentucky -11.0"",""overUnder"":55.0,""homeMoneyline"":-450,""awayMoneyline"":330},{""provider"":""Fliff"",""spread"":-9.5,""formattedSpread"":""Western Kentucky -9.5"",""overUnder"":55.0,""homeMoneyline"":-470,""awayMoneyline"":305},{""provider"":""BetMGM"",""spread"":-10.5,""formattedSpread"":""Western Kentucky -10.5"",""overUnder"":54.5,""homeMoneyline"":null,""awayMoneyline"":null},{""provider"":""Bovada"",""spread"":-10.0,""formattedSpread"":""Western Kentucky -10.0"",""overUnder"":55.5,""homeMoneyline"":-400,""awayMoneyline"":300},{""provider"":""BetAnySports"",""spread"":-10.5,""formattedSpread"":""Western Kentucky -10.5"",""overUnder"":54.5,""homeMoneyline"":null,""awayMoneyline"":null},{""provider"":""Bally Bet"",""spread"":-11.5,""formattedSpread"":""Western Kentucky -11.5"",""overUnder"":54.5,""homeMoneyline"":-420,""awayMoneyline"":310},{""provider"":""BetRivers"",""spread"":-11.5,""formattedSpread"":""Western Kentucky -11.5"",""overUnder"":54.5,""homeMoneyline"":-420,""awayMoneyline"":310},{""provider"":""betPARX"",""spread"":-11.5,""formattedSpread"":""Western Kentucky -11.5"",""overUnder"":54.5,""homeMoneyline"":-420,""awayMoneyline"":310},{""provider"":""ESPN BET"",""spread"":-10.5,""formattedSpread"":""Western Kentucky -10.5"",""overUnder"":55.5,""homeMoneyline"":null,""awayMoneyline"":null},{""provider"":""BetUS"",""spread"":-10.5,""formattedSpread"":""Western Kentucky -10.5"",""overUnder"":55.0,""homeMoneyline"":null,""awayMoneyline"":null},{""provider"":""Hard Rock Bet"",""spread"":-11.5,""formattedSpread"":""Western Kentucky -11.5"",""overUnder"":54.5,""homeMoneyline"":-450,""awayMoneyline"":325}]"
2025,4,Western Michigan,Toledo,"[{""provider"":""DraftKings"",""spread"":14.5,""formattedSpread"":""Western Michigan +14.5"",""overUnder"":50.5,""homeMoneyline"":440,""awayMoneyline"":-600},{""provider"":""LowVig.ag"",""spread"":14.5,""formattedSpread"":""Western Michigan +14.5"",""overUnder"":50.5,""homeMoneyline"":null,""awayMoneyline"":null},{""provider"":""BetOnline.ag"",""spread"":14.5,""formattedSpread"":""Western Michigan +14.5"",""overUnder"":50.5,""homeMoneyline"":null,""awayMoneyline"":null},{""provider"":""FanDuel"",""spread"":14.5,""formattedSpread"":""Western Michigan +14.5"",""overUnder"":50.5,""homeMoneyline"":430,""awayMoneyline"":-600},{""provider"":""MyBookie.ag"",""spread"":14.5,""formattedSpread"":""Western Michigan +14.5"",""overUnder"":50.5,""homeMoneyline"":458,""awayMoneyline"":-691},{""provider"":""Fliff"",""spread"":14.5,""formattedSpread"":""Western Michigan +14.5"",""overUnder"":50.5,""homeMoneyline"":435,""awayMoneyline"":-760},{""provider"":""BetMGM"",""spread"":14.0,""formattedSpread"":""Western Michigan +14.0"",""overUnder"":50.5,""homeMoneyline"":null,""awayMoneyline"":null},{""provider"":""Bovada"",""spread"":14.0,""formattedSpread"":""Western Michigan +14.0"",""overUnder"":50.5,""homeMoneyline"":430,""awayMoneyline"":-625},{""provider"":""BetAnySports"",""spread"":14.5,""formattedSpread"":""Western Michigan +14.5"",""overUnder"":50.5,""homeMoneyline"":null,""awayMoneyline"":null},{""provider"":""Bally Bet"",""spread"":14.5,""formattedSpread"":""Western Michigan +14.5"",""overUnder"":50.5,""homeMoneyline"":425,""awayMoneyline"":-590},{""provider"":""betPARX"",""spread"":14.5,""formattedSpread"":""Western Michigan +14.5"",""overUnder"":50.5,""homeMoneyline"":425,""awayMoneyline"":-590},{""provider"":""BetRivers"",""spread"":14.5,""formattedSpread"":""Western Michigan +14.5"",""overUnder"":50.5,""homeMoneyline"":400,""awayMoneyline"":-590},{""provider"":""ESPN BET"",""spread"":13.5,""formattedSpread"":""Western Michigan +13.5"",""overUnder"":50.5,""homeMoneyline"":null,""awayMoneyline"":null},{""provider"":""BetUS"",""spread"":14.0,""formattedSpread"":""Western Michigan +14.0"",""overUnder"":50.5,""homeMoneyline"":null,""awayMoneyline"":null},{""provider"":""Hard Rock Bet"",""spread"":14.5,""formattedSpread"":""Western Michigan +14.5"",""overUnder"":50.5,""homeMoneyline"":475,""awayMoneyline"":-700}]"
2025,4,Wisconsin,Maryland,"[{""provider"":""DraftKings"",""spread"":-7.5,""formattedSpread"":""Wisconsin -7.5"",""overUnder"":43.5,""homeMoneyline"":-285,""awayMoneyline"":230},{""provider"":""FanDuel"",""spread"":-7.5,""formattedSpread"":""Wisconsin -7.5"",""overUnder"":43.5,""homeMoneyline"":-295,""awayMoneyline"":235},{""provider"":""Fliff"",""spread"":-8.5,""formattedSpread"":""Wisconsin -8.5"",""overUnder"":43.5,""homeMoneyline"":-315,""awayMoneyline"":220},{""provider"":""MyBookie.ag"",""spread"":-8.0,""formattedSpread"":""Wisconsin -8.0"",""overUnder"":43.5,""homeMoneyline"":-290,""awayMoneyline"":226},{""provider"":""Hard Rock Bet"",""spread"":-8.5,""formattedSpread"":""Wisconsin -8.5"",""overUnder"":43.5,""homeMoneyline"":-300,""awayMoneyline"":225},{""provider"":""BetOnline.ag"",""spread"":-7.5,""formattedSpread"":""Wisconsin -7.5"",""overUnder"":43.5,""homeMoneyline"":null,""awayMoneyline"":null},{""provider"":""LowVig.ag"",""spread"":-7.5,""formattedSpread"":""Wisconsin -7.5"",""overUnder"":43.5,""homeMoneyline"":null,""awayMoneyline"":null},{""provider"":""BetMGM"",""spread"":-7.5,""formattedSpread"":""Wisconsin -7.5"",""overUnder"":43.5,""homeMoneyline"":-300,""awayMoneyline"":240},{""provider"":""Bovada"",""spread"":-8.5,""formattedSpread"":""Wisconsin -8.5"",""overUnder"":43.5,""homeMoneyline"":-320,""awayMoneyline"":260},{""provider"":""ESPN BET"",""spread"":-8.5,""formattedSpread"":""Wisconsin -8.5"",""overUnder"":43.5,""homeMoneyline"":null,""awayMoneyline"":null},{""provider"":""Bally Bet"",""spread"":-7.5,""formattedSpread"":""Wisconsin -7.5"",""overUnder"":44.0,""homeMoneyline"":-305,""awayMoneyline"":240},{""provider"":""BetRivers"",""spread"":-7.5,""formattedSpread"":""Wisconsin -7.5"",""overUnder"":44.0,""homeMoneyline"":-305,""awayMoneyline"":230},{""provider"":""betPARX"",""spread"":-7.5,""formattedSpread"":""Wisconsin -7.5"",""overUnder"":44.0,""homeMoneyline"":-305,""awayMoneyline"":240},{""provider"":""BetAnySports"",""spread"":-7.5,""formattedSpread"":""Wisconsin -7.5"",""overUnder"":43.0,""homeMoneyline"":null,""awayMoneyline"":null},{""provider"":""BetUS"",""spread"":-7.5,""formattedSpread"":""Wisconsin -7.5"",""overUnder"":43.5,""homeMoneyline"":null,""awayMoneyline"":null}]"
2025,5,Air Force,Hawai'i,[]
2025,5,Arizona State,TCU,[]
2025,5,Arkansas,Notre Dame,"[{'provider': 'DraftKings', 'spread': 10.5, 'formattedSpread': 'Notre Dame -10.5', 'spreadOpen': 10.5, 'overUnder': None, 'overUnderOpen': None, 'homeMoneyline': None, 'awayMoneyline': None}]"
2025,5,Boise State,App State,[]
2025,5,Boston College,California,[]
2025,5,Buffalo,UConn,[]
2025,5,Central Michigan,Eastern Michigan,[]
2025,5,Colorado,BYU,[]
2025,5,Colorado State,Washington State,[]
2025,5,East Carolina,Army,[]
2025,5,Florida Atlantic,Memphis,[]
2025,5,Georgia,Alabama,"[{'provider': 'DraftKings', 'spread': -4, 'formattedSpread': 'Georgia -4', 'spreadOpen': -4, 'overUnder': None, 'overUnderOpen': None, 'homeMoneyline': None, 'awayMoneyline': None}, {'provider': 'ESPN Bet', 'spread': -4, 'formattedSpread': 'Georgia -4', 'spreadOpen': -4, 'overUnder': 52.5, 'overUnderOpen': 52.5, 'homeMoneyline': -165, 'awayMoneyline': 140}]"
2025,5,Illinois,USC,[]
2025,5,Iowa,Indiana,[]
2025,5,Iowa State,Arizona,[]
2025,5,James Madison,Georgia Southern,[]
2025,5,Kansas,Cincinnati,[]
2025,5,Kansas State,UCF,[]
2025,5,Kennesaw State,Middle Tennessee,[]
2025,5,Louisiana,Marshall,[]
2025,5,Miami (OH),Lindenwood,[]
2025,5,Minnesota,Rutgers,[]
2025,5,Mississippi State,Tennessee,[]
2025,5,Missouri,Massachusetts,[]
2025,5,Missouri State,Western Kentucky,[]
2025,5,NC State,Virginia Tech,[]
2025,5,Navy,Rice,[]
2025,5,New Mexico,New Mexico State,[]
2025,5,North Texas,South Alabama,[]
2025,5,Northern Illinois,San Diego State,[]
2025,5,Northwestern,UCLA,[]
2025,5,Ohio,Bowling Green,[]
2025,5,Oklahoma State,Baylor,[]
2025,5,Old Dominion,Liberty,[]
2025,5,Ole Miss,LSU,"[{'provider': 'DraftKings', 'spread': 2.5, 'formattedSpread': 'LSU -2.5', 'spreadOpen': 2.5, 'overUnder': None, 'overUnderOpen': None, 'homeMoneyline': None, 'awayMoneyline': None}, {'provider': 'ESPN Bet', 'spread': 2, 'formattedSpread': 'LSU -2', 'spreadOpen': 2, 'overUnder': 56.5, 'overUnderOpen': 56.5, 'homeMoneyline': 110, 'awayMoneyline': -130}]"
2025,5,Oregon State,Houston,[]
2025,5,Penn State,Oregon,"[{'provider': 'DraftKings', 'spread': -5.5, 'formattedSpread': 'Penn State -5.5', 'spreadOpen': -5.5, 'overUnder': 52.5, 'overUnderOpen': 52.5, 'homeMoneyline': -205, 'awayMoneyline': 170}, {'provider': 'ESPN Bet', 'spread': -6.5, 'formattedSpread': 'Penn State -6.5', 'spreadOpen': -6.5, 'overUnder': 52.5, 'overUnderOpen': 52.5, 'homeMoneyline': -225, 'awayMoneyline': 190}]"
2025,5,Pittsburgh,Louisville,[]
2025,5,South Carolina,Kentucky,[]
2025,5,Southern Miss,Jacksonville State,[]
2025,5,Stanford,San José State,[]
2025,5,Syracuse,Duke,[]
2025,5,Texas A&M,Auburn,[]
2025,5,Toledo,Akron,[]
2025,5,Tulsa,Tulane,[]
2025,5,UL Monroe,Arkansas State,[]
2025,5,UTEP,Louisiana Tech,[]
2025,5,Vanderbilt,Utah State,[]
2025,5,Virginia,Florida State,[]
2025,5,Wake Forest,Georgia Tech,[]
2025,5,Washington,Ohio State,"[{'provider': 'DraftKings', 'spread': 13.5, 'formattedSpread': 'Ohio State -13.5', 'spreadOpen': 13.5, 'overUnder': None, 'overUnderOpen': None, 'homeMoneyline': None, 'awayMoneyline': None}]"
2025,5,West Virginia,Utah,[]
2025,5,Western Michigan,Rhode Island,[]
2025,6,Akron,Central Michigan,[]
2025,6,Alabama,Vanderbilt,"[{'provider': 'ESPN Bet', 'spread': -24, 'formattedSpread': 'Alabama -24', 'spreadOpen': -22.5, 'overUnder': 51.5, 'overUnderOpen': 51.5, 'homeMoneyline': -2000, 'awayMoneyline': 1000}]"
2025,6,App State,Oregon State,[]
2025,6,Arizona,Oklahoma State,[]
2025,6,Arkansas State,Texas State,[]
2025,6,BYU,West Virginia,[]
2025,6,Ball State,Ohio,[]
2025,6,Baylor,Kansas State,[]
2025,6,Buffalo,Eastern Michigan,[]
2025,6,California,Duke,[]
2025,6,Cincinnati,Iowa State,[]
2025,6,Delaware,Western Kentucky,[]
2025,6,Florida,Texas,"[{'provider': 'DraftKings', 'spread': 6.5, 'formattedSpread': 'Texas -6.5', 'spreadOpen': 6.5, 'overUnder': None, 'overUnderOpen': None, 'homeMoneyline': None, 'awayMoneyline': None}, {'provider': 'ESPN Bet', 'spread': 6.5, 'formattedSpread': 'Texas -6.5', 'spreadOpen': 6.5, 'overUnder': 51.5, 'overUnderOpen': 53.5, 'homeMoneyline': 175, 'awayMoneyline': -210}]"
2025,6,Florida State,Miami,"[{'provider': 'DraftKings', 'spread': 7, 'formattedSpread': 'Miami -7', 'spreadOpen': 7, 'overUnder': None, 'overUnderOpen': None, 'homeMoneyline': None, 'awayMoneyline': None}, {'provider': 'ESPN Bet', 'spread': 4.5, 'formattedSpread': 'Miami -4.5', 'spreadOpen': 6.5, 'overUnder': 53.5, 'overUnderOpen': 53.5, 'homeMoneyline': 160, 'awayMoneyline': -190}]"
2025,6,Fresno State,Nevada,[]
2025,6,Georgia,Kentucky,[]
2025,6,Georgia State,James Madison,[]
2025,6,Houston,Texas Tech,[]
2025,6,Louisville,Virginia,[]
2025,6,Maryland,Washington,[]
2025,6,Massachusetts,Western Michigan,[]
2025,6,Memphis,Tulsa,[]
2025,6,Michigan,Wisconsin,[]
2025,6,NC State,Campbell,[]
2025,6,Navy,Air Force,[]
2025,6,Nebraska,Michigan State,[]
2025,6,New Mexico State,Sam Houston,[]
2025,6,North Carolina,Clemson,"[{'provider': 'DraftKings', 'spread': 13.5, 'formattedSpread': 'Clemson -13.5', 'spreadOpen': 13.5, 'overUnder': None, 'overUnderOpen': None, 'homeMoneyline': None, 'awayMoneyline': None}]"
2025,6,Northern Illinois,Miami (OH),[]
2025,6,Northwestern,UL Monroe,[]
2025,6,Notre Dame,Boise State,"[{'provider': 'DraftKings', 'spread': -16.5, 'formattedSpread': 'Notre Dame -16.5', 'spreadOpen': -16.5, 'overUnder': None, 'overUnderOpen': None, 'homeMoneyline': None, 'awayMoneyline': None}, {'provider': 'ESPN Bet', 'spread': -16, 'formattedSpread': 'Notre Dame -16', 'spreadOpen': -16.5, 'overUnder': 53.5, 'overUnderOpen': 53.5, 'homeMoneyline': -750, 'awayMoneyline': 475}]"
2025,6,Ohio State,Minnesota,[]
2025,6,Oklahoma,Kent State,[]
2025,6,Old Dominion,Coastal Carolina,[]
2025,6,Pittsburgh,Boston College,[]
2025,6,Purdue,Illinois,[]
2025,6,Rice,Florida Atlantic,[]
2025,6,SMU,Syracuse,[]
2025,6,San Diego State,Colorado State,[]
2025,6,San José State,New Mexico,[]
2025,6,South Florida,Charlotte,[]
2025,6,TCU,Colorado,[]
2025,6,Temple,UTSA,[]
2025,6,Texas A&M,Mississippi State,[]
2025,6,Troy,South Alabama,[]
2025,6,UAB,Army,[]
2025,6,UCF,Kansas,[]
2025,6,UCLA,Penn State,[]
2025,6,UConn,Florida International,[]
2025,6,Virginia Tech,Wake Forest,[]
2025,6,Wyoming,UNLV,[]
2025,7,Akron,Miami (OH),[]
2025,7,Arizona,BYU,[]
2025,7,Army,Charlotte,[]
2025,7,Auburn,Georgia,"[{'provider': 'DraftKings', 'spread': 7, 'formattedSpread': 'Georgia -7', 'spreadOpen': 7, 'overUnder': None, 'overUnderOpen': None, 'homeMoneyline': None, 'awayMoneyline': None}, {'provider': 'ESPN Bet', 'spread': 6, 'formattedSpread': 'Georgia -6', 'spreadOpen': 7, 'overUnder': 50.5, 'overUnderOpen': 50.5, 'homeMoneyline': 180, 'awayMoneyline': -215}]"
2025,7,Boise State,New Mexico,[]
2025,7,Boston College,Clemson,[]
2025,7,Bowling Green,Toledo,[]
2025,7,Cincinnati,UCF,[]
2025,7,Coastal Carolina,UL Monroe,[]
2025,7,Colorado,Iowa State,[]
2025,7,Colorado State,Fresno State,[]
2025,7,Eastern Michigan,Northern Illinois,[]
2025,7,Florida Atlantic,UAB,[]
2025,7,Florida State,Pittsburgh,[]
2025,7,Georgia Southern,Southern Miss,[]
2025,7,Georgia State,App State,[]
2025,7,Georgia Tech,Virginia Tech,[]
2025,7,Hawai'i,Utah State,[]
2025,7,Illinois,Ohio State,"[{'provider': 'ESPN Bet', 'spread': 13.5, 'formattedSpread': 'Ohio State -13.5', 'spreadOpen': 13.5, 'overUnder': 50.5, 'overUnderOpen': 50.5, 'homeMoneyline': 400, 'awayMoneyline': -600}]"
2025,7,James Madison,Louisiana,[]
2025,7,Kansas State,TCU,[]
2025,7,Kennesaw State,Louisiana Tech,[]
2025,7,Kent State,Massachusetts,[]
2025,7,LSU,South Carolina,[]
2025,7,Marshall,Old Dominion,[]
2025,7,Maryland,Nebraska,[]
2025,7,Michigan State,UCLA,[]
2025,7,Middle Tennessee,Missouri State,[]
2025,7,Minnesota,Purdue,[]
2025,7,Missouri,Alabama,[]
2025,7,Nevada,San Diego State,[]
2025,7,North Texas,South Florida,[]
2025,7,Notre Dame,NC State,[]
2025,7,Oklahoma State,Houston,[]
2025,7,Ole Miss,Washington State,[]
2025,7,Oregon,Indiana,"[{'provider': 'DraftKings', 'spread': -14.5, 'formattedSpread': 'Oregon -14.5', 'spreadOpen': -14.5, 'overUnder': None, 'overUnderOpen': None, 'homeMoneyline': None, 'awayMoneyline': None}, {'provider': 'ESPN Bet', 'spread': -13.5, 'formattedSpread': 'Oregon -13.5', 'spreadOpen': -14, 'overUnder': 55.5, 'overUnderOpen': 55.5, 'homeMoneyline': -550, 'awayMoneyline': 380}]"
2025,7,Oregon State,Wake Forest,[]
2025,7,Penn State,Northwestern,[]
2025,7,SMU,Stanford,[]
2025,7,Sam Houston,Jacksonville State,[]
2025,7,Temple,Navy,[]
2025,7,Tennessee,Arkansas,[]
2025,7,Texas,Oklahoma,"[{'provider': 'DraftKings', 'spread': -9.5, 'formattedSpread': 'Texas -9.5', 'spreadOpen': -9.5, 'overUnder': None, 'overUnderOpen': None, 'homeMoneyline': None, 'awayMoneyline': None}, {'provider': 'ESPN Bet', 'spread': -9.5, 'formattedSpread': 'Texas -9.5', 'spreadOpen': -9.5, 'overUnder': 56.5, 'overUnderOpen': 56.5, 'homeMoneyline': -280, 'awayMoneyline': 230}]"
2025,7,Texas A&M,Florida,[]
2025,7,Texas State,Troy,[]
2025,7,Texas Tech,Kansas,[]
2025,7,Tulane,East Carolina,[]
2025,7,UNLV,Air Force,[]
2025,7,USC,Michigan,"[{'provider': 'DraftKings', 'spread': 1.5, 'formattedSpread': 'Michigan -1.5', 'spreadOpen': 1.5, 'overUnder': None, 'overUnderOpen': None, 'homeMoneyline': None, 'awayMoneyline': None}]"
2025,7,UTEP,Liberty,[]
2025,7,UTSA,Rice,[]
2025,7,Utah,Arizona State,"[{'provider': 'DraftKings', 'spread': -2.5, 'formattedSpread': 'Utah -2.5', 'spreadOpen': -2.5, 'overUnder': None, 'overUnderOpen': None, 'homeMoneyline': None, 'awayMoneyline': None}]"
2025,7,Washington,Rutgers,[]
2025,7,Western Michigan,Ball State,[]
2025,7,Wisconsin,Iowa,[]
2025,7,Wyoming,San José State,[]
2025,8,Air Force,Wyoming,[]
2025,8,Alabama,Tennessee,"[{'provider': 'DraftKings', 'spread': -12.5, 'formattedSpread': 'Alabama -12.5', 'spreadOpen': -12.5, 'overUnder': None, 'overUnderOpen': None, 'homeMoneyline': None, 'awayMoneyline': None}, {'provider': 'ESPN Bet', 'spread': -11.5, 'formattedSpread': 'Alabama -11.5', 'spreadOpen': -11.5, 'overUnder': 52.5, 'overUnderOpen': 53.5, 'homeMoneyline': -400, 'awayMoneyline': 300}]"
2025,8,App State,Coastal Carolina,[]
2025,8,Arizona State,Texas Tech,"[{'provider': 'DraftKings', 'spread': -4, 'formattedSpread': 'Arizona State -4', 'spreadOpen': -4, 'overUnder': None, 'overUnderOpen': None, 'homeMoneyline': None, 'awayMoneyline': None}]"
2025,8,Arkansas,Texas A&M,[]
2025,8,Auburn,Missouri,[]
2025,8,BYU,Utah,[]
2025,8,Ball State,Akron,[]
2025,8,Boise State,UNLV,[]
2025,8,Boston College,UConn,[]
2025,8,Bowling Green,Central Michigan,[]
2025,8,California,North Carolina,[]
2025,8,Charlotte,Temple,[]
2025,8,Clemson,SMU,"[{'provider': 'DraftKings', 'spread': -11.5, 'formattedSpread': 'Clemson -11.5', 'spreadOpen': -11.5, 'overUnder': None, 'overUnderOpen': None, 'homeMoneyline': None, 'awayMoneyline': None}]"
2025,8,Colorado State,Hawai'i,[]
2025,8,Duke,Georgia Tech,[]
2025,8,East Carolina,Tulsa,[]
2025,8,Florida,Mississippi State,[]
2025,8,Georgia,Ole Miss,"[{'provider': 'DraftKings', 'spread': -10.5, 'formattedSpread': 'Georgia -10.5', 'spreadOpen': -10.5, 'overUnder': None, 'overUnderOpen': None, 'homeMoneyline': None, 'awayMoneyline': None}, {'provider': 'ESPN Bet', 'spread': -10.5, 'formattedSpread': 'Georgia -10.5', 'spreadOpen': -10.5, 'overUnder': 53.5, 'overUnderOpen': 53.5, 'homeMoneyline': -380, 'awayMoneyline': 290}]"
2025,8,Georgia Southern,Georgia State,[]
2025,8,Houston,Arizona,[]
2025,8,Indiana,Michigan State,[]
2025,8,Iowa,Penn State,"[{'provider': 'ESPN Bet', 'spread': 10.5, 'formattedSpread': 'Penn State -10.5', 'spreadOpen': 10.5, 'overUnder': 44.5, 'overUnderOpen': 45.5, 'homeMoneyline': 280, 'awayMoneyline': -360}]"
2025,8,Jacksonville State,Delaware,[]
2025,8,James Madison,Old Dominion,[]
2025,8,Kentucky,Texas,[]
2025,8,Liberty,New Mexico State,[]
2025,8,Louisiana,Southern Miss,[]
2025,8,Marshall,Texas State,[]
2025,8,Massachusetts,Buffalo,[]
2025,8,Miami,Louisville,"[{'provider': 'DraftKings', 'spread': -6.5, 'formattedSpread': 'Miami -6.5', 'spreadOpen': -6.5, 'overUnder': None, 'overUnderOpen': None, 'homeMoneyline': None, 'awayMoneyline': None}]"
2025,8,Miami (OH),Eastern Michigan,[]
2025,8,Michigan,Washington,"[{'provider': 'DraftKings', 'spread': -10.5, 'formattedSpread': 'Michigan -10.5', 'spreadOpen': -10.5, 'overUnder': None, 'overUnderOpen': None, 'homeMoneyline': None, 'awayMoneyline': None}, {'provider': 'ESPN Bet', 'spread': -10.5, 'formattedSpread': 'Michigan -10.5', 'spreadOpen': -10.5, 'overUnder': 47.5, 'overUnderOpen': 47.5, 'homeMoneyline': -320, 'awayMoneyline': 260}]"
2025,8,Minnesota,Nebraska,[]
2025,8,New Mexico,Nevada,[]
2025,8,North Texas,UTSA,[]
2025,8,Northwestern,Purdue,[]
2025,8,Notre Dame,USC,"[{'provider': 'DraftKings', 'spread': -10.5, 'formattedSpread': 'Notre Dame -10.5', 'spreadOpen': -10.5, 'overUnder': None, 'overUnderOpen': None, 'homeMoneyline': None, 'awayMoneyline': None}, {'provider': 'ESPN Bet', 'spread': -10.5, 'formattedSpread': 'Notre Dame -10.5', 'spreadOpen': -10, 'overUnder': 53.5, 'overUnderOpen': 53.5, 'homeMoneyline': -320, 'awayMoneyline': 260}]"
2025,8,Ohio,Northern Illinois,[]
2025,8,Oklahoma State,Cincinnati,[]
2025,8,Oregon State,Lafayette,[]
2025,8,Rutgers,Oregon,[]
2025,8,Sam Houston,UTEP,[]
2025,8,South Alabama,Arkansas State,[]
2025,8,South Carolina,Oklahoma,[]
2025,8,South Florida,Florida Atlantic,[]
2025,8,Stanford,Florida State,[]
2025,8,Syracuse,Pittsburgh,[]
2025,8,TCU,Baylor,[]
2025,8,Toledo,Kent State,[]
2025,8,Tulane,Army,[]
2025,8,UAB,Memphis,[]
2025,8,UCF,West Virginia,[]
2025,8,UCLA,Maryland,[]
2025,8,UL Monroe,Troy,[]
2025,8,Utah State,San José State,[]
2025,8,Vanderbilt,LSU,[]
2025,8,Virginia,Washington State,[]
2025,8,Western Kentucky,Florida International,[]
2025,8,Wisconsin,Ohio State,[]
2025,9,Arizona State,Houston,[]
2025,9,Arkansas,Auburn,[]
2025,9,Arkansas State,Georgia Southern,[]
2025,9,Buffalo,Akron,[]
2025,9,Central Michigan,Massachusetts,[]
2025,9,Charlotte,North Texas,[]
2025,9,Cincinnati,Baylor,[]
2025,9,Delaware,Middle Tennessee,[]
2025,9,Eastern Michigan,Ohio,[]
2025,9,Florida International,Kennesaw State,[]
2025,9,Fresno State,San Diego State,[]
2025,9,Georgia State,South Alabama,[]
2025,9,Georgia Tech,Syracuse,[]
2025,9,Indiana,UCLA,[]
2025,9,Iowa,Minnesota,[]
2025,9,Iowa State,BYU,[]
2025,9,Kansas,Kansas State,"[{'provider': 'DraftKings', 'spread': 4, 'formattedSpread': 'Kansas State -4', 'spreadOpen': 4, 'overUnder': None, 'overUnderOpen': None, 'homeMoneyline': None, 'awayMoneyline': None}, {'provider': 'ESPN Bet', 'spread': 4, 'formattedSpread': 'Kansas State -4', 'spreadOpen': 3.5, 'overUnder': 53.5, 'overUnderOpen': 53.5, 'homeMoneyline': 160, 'awayMoneyline': -190}]"
2025,9,Kent State,Bowling Green,[]
2025,9,Kentucky,Tennessee,[]
2025,9,LSU,Texas A&M,"[{'provider': 'DraftKings', 'spread': -5.5, 'formattedSpread': 'LSU -5.5', 'spreadOpen': -5.5, 'overUnder': None, 'overUnderOpen': None, 'homeMoneyline': None, 'awayMoneyline': None}, {'provider': 'ESPN Bet', 'spread': -5.5, 'formattedSpread': 'LSU -5.5', 'spreadOpen': -5.5, 'overUnder': 53.5, 'overUnderOpen': 53.5, 'homeMoneyline': -190, 'awayMoneyline': 160}]"
2025,9,Louisiana Tech,Western Kentucky,[]
2025,9,Louisville,Boston College,[]
2025,9,Memphis,South Florida,[]
2025,9,Miami,Stanford,[]
2025,9,Miami (OH),Western Michigan,[]
2025,9,Michigan State,Michigan,"[{'provider': 'DraftKings', 'spread': 8.5, 'formattedSpread': 'Michigan -8.5', 'spreadOpen': 8.5, 'overUnder': None, 'overUnderOpen': None, 'homeMoneyline': None, 'awayMoneyline': None}, {'provider': 'ESPN Bet', 'spread': 8, 'formattedSpread': 'Michigan -8', 'spreadOpen': 8, 'overUnder': 46.5, 'overUnderOpen': 46.5, 'homeMoneyline': 240, 'awayMoneyline': -290}]"
2025,9,Mississippi State,Texas,[]
2025,9,Navy,Florida Atlantic,[]
2025,9,Nebraska,Northwestern,[]
2025,9,Nevada,Boise State,[]
2025,9,New Mexico,Utah State,[]
2025,9,New Mexico State,Missouri State,[]
2025,9,North Carolina,Virginia,[]
2025,9,Northern Illinois,Ball State,[]
2025,9,Oklahoma,Ole Miss,[]
2025,9,Old Dominion,App State,[]
2025,9,Oregon,Wisconsin,[]
2025,9,Pittsburgh,NC State,[]
2025,9,Purdue,Rutgers,[]
2025,9,Rice,UConn,[]
2025,9,South Carolina,Alabama,"[{'provider': 'DraftKings', 'spread': 7.5, 'formattedSpread': 'Alabama -7.5', 'spreadOpen': 7.5, 'overUnder': None, 'overUnderOpen': None, 'homeMoneyline': None, 'awayMoneyline': None}]"
2025,9,Southern Miss,UL Monroe,[]
2025,9,Texas Tech,Oklahoma State,[]
2025,9,Troy,Louisiana,[]
2025,9,Tulsa,Temple,[]
2025,9,Utah,Colorado,"[{'provider': 'ESPN Bet', 'spread': -8.5, 'formattedSpread': 'Utah -8.5', 'spreadOpen': -9.5, 'overUnder': 55.5, 'overUnderOpen': 55.5, 'homeMoneyline': -300, 'awayMoneyline': 250}]"
2025,9,Vanderbilt,Missouri,[]
2025,9,Virginia Tech,California,[]
2025,9,Wake Forest,SMU,[]
2025,9,Washington,Illinois,[]
2025,9,Washington State,Toledo,[]
2025,9,West Virginia,TCU,[]
2025,9,Wyoming,Colorado State,[]
2025,10,Air Force,Army,[]
2025,10,Arkansas,Mississippi State,[]
2025,10,Auburn,Kentucky,[]
2025,10,Baylor,UCF,[]
2025,10,Boise State,Fresno State,[]
2025,10,Boston College,Notre Dame,[]
2025,10,Bowling Green,Buffalo,[]
2025,10,California,Virginia,[]
2025,10,Clemson,Duke,[]
2025,10,Coastal Carolina,Marshall,[]
2025,10,Colorado,Arizona,[]
2025,10,Florida,Georgia,"[{'provider': 'DraftKings', 'spread': 7.5, 'formattedSpread': 'Georgia -7.5', 'spreadOpen': 7.5, 'overUnder': None, 'overUnderOpen': None, 'homeMoneyline': None, 'awayMoneyline': None}, {'provider': 'ESPN Bet', 'spread': 7, 'formattedSpread': 'Georgia -7', 'spreadOpen': 8, 'overUnder': 51.5, 'overUnderOpen': 51.5, 'homeMoneyline': 200, 'awayMoneyline': -240}]"
2025,10,Florida State,Wake Forest,[]
2025,10,Houston,West Virginia,[]
2025,10,Illinois,Rutgers,[]
2025,10,Iowa State,Arizona State,[]
2025,10,Kansas,Oklahoma State,[]
2025,10,Kansas State,Texas Tech,"[{'provider': 'DraftKings', 'spread': -4.5, 'formattedSpread': 'Kansas State -4.5', 'spreadOpen': -4.5, 'overUnder': None, 'overUnderOpen': None, 'homeMoneyline': None, 'awayMoneyline': None}, {'provider': 'ESPN Bet', 'spread': -4, 'formattedSpread': 'Kansas State -4', 'spreadOpen': -4.5, 'overUnder': 60.5, 'overUnderOpen': 60.5, 'homeMoneyline': -185, 'awayMoneyline': 155}]"
2025,10,Kennesaw State,UTEP,[]
2025,10,Liberty,Delaware,[]
2025,10,Louisiana Tech,Sam Houston,[]
2025,10,Maryland,Indiana,[]
2025,10,Michigan,Purdue,[]
2025,10,Middle Tennessee,Jacksonville State,[]
2025,10,Minnesota,Michigan State,[]
2025,10,Missouri State,Florida International,[]
2025,10,NC State,Georgia Tech,[]
2025,10,Nebraska,USC,[]
2025,10,North Texas,Navy,[]
2025,10,Ohio State,Penn State,"[{'provider': 'DraftKings', 'spread': -4, 'formattedSpread': 'Ohio State -4', 'spreadOpen': -4, 'overUnder': None, 'overUnderOpen': None, 'homeMoneyline': None, 'awayMoneyline': None}, {'provider': 'ESPN Bet', 'spread': -4, 'formattedSpread': 'Ohio State -4', 'spreadOpen': -4, 'overUnder': 50.5, 'overUnderOpen': 50.5, 'homeMoneyline': -165, 'awayMoneyline': 140}]"
2025,10,Ole Miss,South Carolina,[]
2025,10,Oregon State,Washington State,[]
2025,10,Rice,Memphis,[]
2025,10,SMU,Miami,"[{'provider': 'DraftKings', 'spread': 1.5, 'formattedSpread': 'Miami -1.5', 'spreadOpen': 1.5, 'overUnder': None, 'overUnderOpen': None, 'homeMoneyline': None, 'awayMoneyline': None}]"
2025,10,San Diego State,Wyoming,[]
2025,10,San José State,Hawai'i,[]
2025,10,South Alabama,Louisiana,[]
2025,10,Stanford,Pittsburgh,[]
2025,10,Syracuse,North Carolina,[]
2025,10,Temple,East Carolina,[]
2025,10,Tennessee,Oklahoma,[]
2025,10,Texas,Vanderbilt,[]
2025,10,Texas State,James Madison,[]
2025,10,Troy,Arkansas State,[]
2025,10,UConn,UAB,[]
2025,10,UL Monroe,Old Dominion,[]
2025,10,UNLV,New Mexico,[]
2025,10,UTSA,Tulane,[]
2025,10,Utah,Cincinnati,[]
2025,10,Virginia Tech,Louisville,[]
2025,10,Western Kentucky,New Mexico State,[]
2025,10,Western Michigan,Central Michigan,[]
2025,11,Akron,Massachusetts,[]
2025,11,Alabama,LSU,"[{'provider': 'DraftKings', 'spread': -5.5, 'formattedSpread': 'Alabama -5.5', 'spreadOpen': -5.5, 'overUnder': None, 'overUnderOpen': None, 'homeMoneyline': None, 'awayMoneyline': None}, {'provider': 'ESPN Bet', 'spread': -6, 'formattedSpread': 'Alabama -6', 'spreadOpen': -4.5, 'overUnder': 54.5, 'overUnderOpen': 54.5, 'homeMoneyline': -210, 'awayMoneyline': 175}]"
2025,11,App State,Georgia Southern,[]
2025,11,Arizona,Kansas,[]
2025,11,Arkansas State,Southern Miss,[]
2025,11,Army,Temple,[]
2025,11,Ball State,Kent State,[]
2025,11,Boston College,SMU,[]
2025,11,Clemson,Florida State,"[{'provider': 'DraftKings', 'spread': -16.5, 'formattedSpread': 'Clemson -16.5', 'spreadOpen': -16.5, 'overUnder': 55.5, 'overUnderOpen': 55.5, 'homeMoneyline': -800, 'awayMoneyline': 550}, {'provider': 'ESPN Bet', 'spread': -17, 'formattedSpread': 'Clemson -17', 'spreadOpen': -16.5, 'overUnder': 55.5, 'overUnderOpen': 55.5, 'homeMoneyline': -900, 'awayMoneyline': 550}]"
2025,11,Coastal Carolina,Georgia State,[]
2025,11,Colorado State,UNLV,[]
2025,11,Delaware,Louisiana Tech,[]
2025,11,East Carolina,Charlotte,[]
2025,11,Eastern Michigan,Bowling Green,[]
2025,11,Florida Atlantic,Tulsa,[]
2025,11,Hawai'i,San Diego State,[]
2025,11,Iowa,Oregon,[]
2025,11,Kentucky,Florida,[]
2025,11,Liberty,Missouri State,[]
2025,11,Louisiana,Texas State,[]
2025,11,Louisville,California,[]
2025,11,Marshall,James Madison,[]
2025,11,Memphis,Tulane,[]
2025,11,Miami,Syracuse,[]
2025,11,Middle Tennessee,Florida International,[]
2025,11,Mississippi State,Georgia,[]
2025,11,Missouri,Texas A&M,[]
2025,11,New Mexico State,Kennesaw State,[]
2025,11,North Carolina,Stanford,[]
2025,11,Notre Dame,Navy,[]
2025,11,Ohio,Miami (OH),[]
2025,11,Ole Miss,The Citadel,[]
2025,11,Oregon State,Sam Houston,[]
2025,11,Penn State,Indiana,"[{'provider': 'ESPN Bet', 'spread': -16, 'formattedSpread': 'Penn State -16', 'spreadOpen': -17, 'overUnder': 53.5, 'overUnderOpen': 53.5, 'homeMoneyline': -800, 'awayMoneyline': 500}]"
2025,11,Purdue,Ohio State,[]
2025,11,Rice,UAB,[]
2025,11,Rutgers,Maryland,[]
2025,11,San José State,Air Force,[]
2025,11,South Florida,UTSA,[]
2025,11,TCU,Iowa State,[]
2025,11,Texas Tech,BYU,[]
2025,11,Toledo,Northern Illinois,[]
2025,11,UCF,Houston,[]
2025,11,UCLA,Nebraska,[]
2025,11,UConn,Duke,[]
2025,11,USC,Northwestern,[]
2025,11,UTEP,Jacksonville State,[]
2025,11,Utah State,Nevada,[]
2025,11,Vanderbilt,Auburn,[]
2025,11,Virginia,Wake Forest,[]
2025,11,West Virginia,Colorado,[]
2025,11,Wisconsin,Washington,[]
2025,12,Akron,Kent State,[]
2025,12,Alabama,Oklahoma,"[{'provider': 'DraftKings', 'spread': -12.5, 'formattedSpread': 'Alabama -12.5', 'spreadOpen': -12.5, 'overUnder': 56.5, 'overUnderOpen': 56.5, 'homeMoneyline': -440, 'awayMoneyline': 340}, {'provider': 'ESPN Bet', 'spread': -12.5, 'formattedSpread': 'Alabama -12.5', 'spreadOpen': -12.5, 'overUnder': 56.5, 'overUnderOpen': 56.5, 'homeMoneyline': -425, 'awayMoneyline': 320}]"
2025,12,Arizona State,West Virginia,[]
2025,12,BYU,TCU,[]
2025,12,Ball State,Eastern Michigan,[]
2025,12,Baylor,Utah,[]
2025,12,Boston College,Georgia Tech,[]
2025,12,Central Michigan,Buffalo,[]
2025,12,Charlotte,UTSA,[]
2025,12,Cincinnati,Arizona,[]
2025,12,Duke,Virginia,[]
2025,12,East Carolina,Memphis,[]
2025,12,Florida International,Liberty,[]
2025,12,Florida State,Virginia Tech,[]
2025,12,Fresno State,Wyoming,[]
2025,12,Georgia,Texas,"[{'provider': 'DraftKings', 'spread': -2.5, 'formattedSpread': 'Georgia -2.5', 'spreadOpen': -2.5, 'overUnder': None, 'overUnderOpen': None, 'homeMoneyline': None, 'awayMoneyline': None}, {'provider': 'ESPN Bet', 'spread': -2.5, 'formattedSpread': 'Georgia -2.5', 'spreadOpen': -2, 'overUnder': 51.5, 'overUnderOpen': 51.5, 'homeMoneyline': -130, 'awayMoneyline': 110}]"
2025,12,Georgia Southern,Coastal Carolina,[]
2025,12,Georgia State,Marshall,[]
2025,12,Illinois,Maryland,[]
2025,12,Indiana,Wisconsin,[]
2025,12,Jacksonville State,Kennesaw State,[]
2025,12,James Madison,App State,[]
2025,12,Kentucky,Tennessee Tech,[]
2025,12,LSU,Arkansas,[]
2025,12,Louisville,Clemson,"[{'provider': 'DraftKings', 'spread': 6.5, 'formattedSpread': 'Clemson -6.5', 'spreadOpen': 6.5, 'overUnder': 60.5, 'overUnderOpen': 60.5, 'homeMoneyline': 180, 'awayMoneyline': -218}, {'provider': 'ESPN Bet', 'spread': 6, 'formattedSpread': 'Clemson -6', 'spreadOpen': 5.5, 'overUnder': 60.5, 'overUnderOpen': 60.5, 'homeMoneyline': 180, 'awayMoneyline': -215}]"
2025,12,Massachusetts,Northern Illinois,[]
2025,12,Miami,NC State,[]
2025,12,Miami (OH),Toledo,[]
2025,12,Michigan State,Penn State,[]
2025,12,Missouri,Mississippi State,[]
2025,12,Missouri State,UTEP,[]
2025,12,Navy,South Florida,[]
2025,12,Nevada,San José State,[]
2025,12,New Mexico,Colorado State,[]
2025,12,Northwestern,Michigan,[]
2025,12,Ohio State,UCLA,[]
2025,12,Oklahoma State,Kansas State,[]
2025,12,Old Dominion,Troy,[]
2025,12,Ole Miss,Florida,[]
2025,12,Oregon,Minnesota,[]
2025,12,Pittsburgh,Notre Dame,[]
2025,12,Sam Houston,Delaware,[]
2025,12,San Diego State,Boise State,[]
2025,12,Southern Miss,Texas State,[]
2025,12,Tennessee,New Mexico State,[]
2025,12,Texas A&M,South Carolina,[]
2025,12,Texas Tech,UCF,[]
2025,12,Tulane,Florida Atlantic,[]
2025,12,Tulsa,Oregon State,[]
2025,12,UAB,North Texas,[]
2025,12,UConn,Air Force,[]
2025,12,UL Monroe,South Alabama,[]
2025,12,UNLV,Utah State,[]
2025,12,USC,Iowa,[]
2025,12,Wake Forest,North Carolina,[]
2025,12,Washington,Purdue,[]
2025,12,Washington State,Louisiana Tech,[]
2025,12,Western Kentucky,Middle Tennessee,[]
2025,12,Western Michigan,Ohio,[]
2025,13,Air Force,New Mexico,[]
2025,13,Alabama,Eastern Illinois,[]
2025,13,App State,Marshall,[]
2025,13,Arizona,Baylor,[]
2025,13,Arkansas State,Louisiana,[]
2025,13,Army,Tulsa,[]
2025,13,Auburn,Mercer,[]
2025,13,Boise State,Colorado State,[]
2025,13,Bowling Green,Akron,[]
2025,13,Buffalo,Miami (OH),[]
2025,13,Cincinnati,BYU,[]
2025,13,Clemson,Furman,[]
2025,13,Colorado,Arizona State,"[{'provider': 'DraftKings', 'spread': 4.5, 'formattedSpread': 'Arizona State -4.5', 'spreadOpen': 4.5, 'overUnder': None, 'overUnderOpen': None, 'homeMoneyline': None, 'awayMoneyline': None}]"
2025,13,Florida,Tennessee,"[{'provider': 'DraftKings', 'spread': -4, 'formattedSpread': 'Florida -4', 'spreadOpen': -4, 'overUnder': None, 'overUnderOpen': None, 'homeMoneyline': None, 'awayMoneyline': None}]"
2025,13,Florida Atlantic,UConn,[]
2025,13,Florida International,Jacksonville State,[]
2025,13,Fresno State,Utah State,[]
2025,13,Georgia,Charlotte,[]
2025,13,Georgia Southern,Old Dominion,[]
2025,13,Georgia Tech,Pittsburgh,[]
2025,13,Houston,TCU,[]
2025,13,Iowa,Michigan State,[]
2025,13,Iowa State,Kansas,[]
2025,13,James Madison,Washington State,[]
2025,13,Kennesaw State,Missouri State,[]
2025,13,Kent State,Central Michigan,[]
2025,13,LSU,Western Kentucky,[]
2025,13,Louisiana Tech,Liberty,[]
2025,13,Maryland,Michigan,[]
2025,13,Middle Tennessee,Sam Houston,[]
2025,13,NC State,Florida State,[]
2025,13,North Carolina,Duke,"[{'provider': 'DraftKings', 'spread': -1.5, 'formattedSpread': 'North Carolina -1.5', 'spreadOpen': -1.5, 'overUnder': None, 'overUnderOpen': None, 'homeMoneyline': None, 'awayMoneyline': None}, {'provider': 'ESPN Bet', 'spread': 1.5, 'formattedSpread': 'Duke -1.5', 'spreadOpen': 1.5, 'overUnder': 51.5, 'overUnderOpen': 51.5, 'homeMoneyline': None, 'awayMoneyline': -120}]"
2025,13,Northern Illinois,Western Michigan,[]
2025,13,Northwestern,Minnesota,[]
2025,13,Notre Dame,Syracuse,[]
2025,13,Ohio,Massachusetts,[]
2025,13,Ohio State,Rutgers,[]
2025,13,Oklahoma,Missouri,"[{'provider': 'ESPN Bet', 'spread': -7.5, 'formattedSpread': 'Oklahoma -7.5', 'spreadOpen': -7.5, 'overUnder': 54.5, 'overUnderOpen': 54.5, 'homeMoneyline': -260, 'awayMoneyline': 215}]"
2025,13,Oregon,USC,"[{'provider': 'DraftKings', 'spread': -13.5, 'formattedSpread': 'Oregon -13.5', 'spreadOpen': -13.5, 'overUnder': None, 'overUnderOpen': None, 'homeMoneyline': None, 'awayMoneyline': None}, {'provider': 'ESPN Bet', 'spread': -12, 'formattedSpread': 'Oregon -12', 'spreadOpen': -12, 'overUnder': 55.5, 'overUnderOpen': 55.5, 'homeMoneyline': -450, 'awayMoneyline': 340}]"
2025,13,Penn State,Nebraska,[]
2025,13,Rice,North Texas,[]
2025,13,SMU,Louisville,[]
2025,13,San Diego State,San José State,[]
2025,13,South Alabama,Southern Miss,[]
2025,13,South Carolina,Coastal Carolina,[]
2025,13,Stanford,California,[]
2025,13,Temple,Tulane,[]
2025,13,Texas,Arkansas,[]
2025,13,Texas A&M,Samford,[]
2025,13,Texas State,UL Monroe,[]
2025,13,Toledo,Ball State,[]
2025,13,Troy,Georgia State,[]
2025,13,UAB,South Florida,[]
2025,13,UCF,Oklahoma State,[]
2025,13,UCLA,Washington,[]
2025,13,UNLV,Hawai'i,[]
2025,13,UTEP,New Mexico State,[]
2025,13,UTSA,East Carolina,[]
2025,13,Utah,Kansas State,"[{'provider': 'ESPN Bet', 'spread': -1.5, 'formattedSpread': 'Utah -1.5', 'spreadOpen': -1.5, 'overUnder': 54.5, 'overUnderOpen': 54.5, 'homeMoneyline': -110, 'awayMoneyline': -110}]"
2025,13,Vanderbilt,Kentucky,[]
2025,13,Virginia Tech,Miami,[]
2025,13,Wake Forest,Delaware,[]
2025,13,Wisconsin,Illinois,[]
2025,13,Wyoming,Nevada,[]
2025,14,App State,Arkansas State,[]
2025,14,Arizona State,Arizona,[]
2025,14,Arkansas,Missouri,[]
2025,14,Auburn,Alabama,"[{'provider': 'ESPN Bet', 'spread': 5.5, 'formattedSpread': 'Alabama -5.5', 'spreadOpen': 5.5, 'overUnder': 51.5, 'overUnderOpen': 51.5, 'homeMoneyline': 180, 'awayMoneyline': -215}]"
2025,14,BYU,UCF,[]
2025,14,Baylor,Houston,[]
2025,14,Buffalo,Ohio,[]
2025,14,California,SMU,[]
2025,14,Central Michigan,Toledo,[]
2025,14,Coastal Carolina,James Madison,[]
2025,14,Colorado State,Air Force,[]
2025,14,Delaware,UTEP,[]
2025,14,Duke,Wake Forest,[]
2025,14,Eastern Michigan,Western Michigan,[]
2025,14,Florida,Florida State,[]
2025,14,Florida Atlantic,East Carolina,[]
2025,14,Georgia Tech,Georgia,"[{'provider': 'ESPN Bet', 'spread': 13.5, 'formattedSpread': 'Georgia -13.5', 'spreadOpen': 13.5, 'overUnder': 53.5, 'overUnderOpen': 53.5, 'homeMoneyline': 400, 'awayMoneyline': -600}]"
2025,14,Hawai'i,Wyoming,[]
2025,14,Illinois,Northwestern,[]
2025,14,Jacksonville State,Western Kentucky,[]
2025,14,Kansas,Utah,[]
2025,14,Kansas State,Colorado,[]
2025,14,Liberty,Kennesaw State,[]
2025,14,Louisiana,UL Monroe,[]
2025,14,Louisville,Kentucky,[]
2025,14,Marshall,Georgia Southern,[]
2025,14,Massachusetts,Bowling Green,[]
2025,14,Memphis,Navy,[]
2025,14,Miami (OH),Ball State,[]
2025,14,Michigan,Ohio State,"[{'provider': 'ESPN Bet', 'spread': 3.5, 'formattedSpread': 'Ohio State -3.5', 'spreadOpen': 5.5, 'overUnder': 47.5, 'overUnderOpen': 47.5, 'homeMoneyline': 160, 'awayMoneyline': -190}, {'provider': 'DraftKings', 'spread': 5.5, 'formattedSpread': 'Ohio State -5.5', 'spreadOpen': 5.5, 'overUnder': None, 'overUnderOpen': None, 'homeMoneyline': None, 'awayMoneyline': None}, {'provider': 'Bovada', 'spread': 5.5, 'formattedSpread': 'Ohio State -5.5', 'spreadOpen': 5.5, 'overUnder': 47.5, 'overUnderOpen': 47.5, 'homeMoneyline': 185, 'awayMoneyline': -225}]"
2025,14,Michigan State,Maryland,[]
2025,14,Minnesota,Wisconsin,[]
2025,14,Mississippi State,Ole Miss,"[{'provider': 'ESPN Bet', 'spread': 11.5, 'formattedSpread': 'Ole Miss -11.5', 'spreadOpen': 13.5, 'overUnder': 59.5, 'overUnderOpen': 59.5, 'homeMoneyline': 340, 'awayMoneyline': -450}]"
2025,14,Missouri State,Louisiana Tech,[]
2025,14,NC State,North Carolina,"[{'provider': 'ESPN Bet', 'spread': -2.5, 'formattedSpread': 'NC State -2.5', 'spreadOpen': -2.5, 'overUnder': 53.5, 'overUnderOpen': 53.5, 'homeMoneyline': -135, 'awayMoneyline': 115}]"
2025,14,Nebraska,Iowa,"[{'provider': 'ESPN Bet', 'spread': -2.5, 'formattedSpread': 'Nebraska -2.5', 'spreadOpen': -2.5, 'overUnder': 44.5, 'overUnderOpen': 44.5, 'homeMoneyline': -125, 'awayMoneyline': 105}]"
2025,14,Nevada,UNLV,[]
2025,14,New Mexico,San Diego State,[]
2025,14,New Mexico State,Middle Tennessee,[]
2025,14,North Texas,Temple,[]
2025,14,Northern Illinois,Kent State,[]
2025,14,Oklahoma,LSU,[]
2025,14,Oklahoma State,Iowa State,[]
2025,14,Old Dominion,Georgia State,[]
2025,14,Pittsburgh,Miami,[]
2025,14,Purdue,Indiana,[]
2025,14,Rutgers,Penn State,[]
2025,14,Sam Houston,Florida International,[]
2025,14,San José State,Fresno State,[]
2025,14,South Carolina,Clemson,"[{'provider': 'ESPN Bet', 'spread': 4.5, 'formattedSpread': 'Clemson -4.5', 'spreadOpen': 4.5, 'overUnder': 53.5, 'overUnderOpen': 53.5, 'homeMoneyline': 170, 'awayMoneyline': -200}]"
2025,14,South Florida,Rice,[]
2025,14,Southern Miss,Troy,[]
2025,14,Stanford,Notre Dame,[]
2025,14,Syracuse,Boston College,[]
2025,14,TCU,Cincinnati,[]
2025,14,Tennessee,Vanderbilt,[]
2025,14,Texas,Texas A&M,"[{'provider': 'ESPN Bet', 'spread': -10.5, 'formattedSpread': 'Texas -10.5', 'spreadOpen': -10, 'overUnder': 51.5, 'overUnderOpen': 51.5, 'homeMoneyline': -400, 'awayMoneyline': 300}]"
2025,14,Texas State,South Alabama,[]
2025,14,Tulane,Charlotte,[]
2025,14,Tulsa,UAB,[]
2025,14,USC,UCLA,[]
2025,14,UTSA,Army,[]
2025,14,Utah State,Boise State,[]
2025,14,Virginia,Virginia Tech,[]
2025,14,Washington,Oregon,"[{'provider': 'ESPN Bet', 'spread': 11.5, 'formattedSpread': 'Oregon -11.5', 'spreadOpen': 10.5, 'overUnder': 53.5, 'overUnderOpen': 52.5, 'homeMoneyline': 320, 'awayMoneyline': -425}]"
2025,14,Washington State,Oregon State,[]
2025,14,West Virginia,Texas Tech,[]
2025,16,Navy,Army,"[{'provider': 'ESPN Bet', 'spread': -3.5, 'formattedSpread': 'Navy -3.5', 'spreadOpen': -3.5, 'overUnder': 39.5, 'overUnderOpen': 39.5, 'homeMoneyline': -145, 'awayMoneyline': 125}]"
